seqNumber,docID,edinetCode,secCode,JCN,filerName,fundCode,ordinanceCode,formCode,docTypeCode,periodStart,periodEnd,submitDateTime,docDescription,issuerEdinetCode,subjectEdinetCode,subsidiaryEdinetCode,currentReportReason,parentDocID,opeDateTime,withdrawalStatus,docInfoEditStatus,disclosureStatus,xbrlFlag,pdfFlag,attachDocFlag,englishDocFlag,csvFlag,legalStatus
1,S100USZM,E03575,83660,6160001000993,株式会社滋賀銀行,,010,043A00,160,2024-04-01,2025-03-31,2024-11-20 09:00,半期報告書－第138期(2024/04/01－2025/03/31),,,,,,,0,0,0,1,1,0,0,1,1
2,S100USQN,E13447,,2010401045054,ＳＢＩアセットマネジメント株式会社,G15390,030,04A000,030,,,2024-11-20 09:00,有価証券届出書（内国投資信託受益証券）,,,,,,,0,0,0,1,1,1,0,1,1
3,S100ULEN,E14714,,2010001090483,キャピタル　アセットマネジメント株式会社,G10518,030,07A000,120,2024-02-21,2024-08-20,2024-11-20 09:00,有価証券報告書（内国投資信託受益証券）－第20期(2024/02/21－2024/08/20),,,,,,,0,0,0,1,1,1,0,1,1
4,S100UTAX,E38468,,4500001007246,ＰＨＣ株式会社,,060,020002,350,,,2024-11-20 09:00,変更報告書（短期大量譲渡）,E38443,,,,S100QFT4,,0,0,0,1,1,0,0,1,1
5,S100UKAX,E10439,,4010001027269,ピクテ・ジャパン株式会社,G11552,030,04A000,030,,,2024-11-20 09:00,有価証券届出書（内国投資信託受益証券）,,,,,,,0,0,0,1,1,1,0,1,1
6,S100USP9,E03575,83660,6160001000993,株式会社滋賀銀行,,010,042000,135,,,2024-11-20 09:00,確認書,,,,,,,0,0,0,0,1,0,0,0,1
7,S100USPA,E10677,,9010001021473,アセットマネジメントＯｎｅ株式会社,G04702,030,995000,180,,,2024-11-20 09:00,臨時報告書（内国特定有価証券）,,,,第29条第2項第4号,,,0,0,0,1,1,0,0,1,1
8,S100UI8Q,E12450,,6010401037394,ラッセル・インベストメント株式会社,G08273,030,04A000,030,,,2024-11-20 09:00,有価証券届出書（内国投資信託受益証券）,,,,,,,0,0,0,1,1,1,0,1,1
9,S100UKB0,E10439,,4010001027269,ピクテ・ジャパン株式会社,G11552,030,10A000,160,2024-02-21,2025-02-20,2024-11-20 09:00,半期報告書（内国投資信託受益証券）－第9期(2024/02/21－2025/02/20),,,,,,,0,0,0,1,1,0,0,1,1
10,S100UJJD,E10439,,4010001027269,ピクテ・ジャパン株式会社,G13195,030,04A000,030,,,2024-11-20 09:01,有価証券届出書（内国投資信託受益証券）,,,,,,,0,0,0,1,1,1,0,1,1
11,S100UIHC,E12448,,8010401040306,明治安田アセットマネジメント株式会社,G11614,030,10A000,160,2024-02-22,2025-02-21,2024-11-20 09:01,半期報告書（内国投資信託受益証券）－第9期(2024/02/22－2025/02/21),,,,,,,0,0,0,1,1,0,0,1,1
12,S100UJVS,E12460,,7010001054021,野村アセットマネジメント株式会社,G04618,030,995000,180,,,2024-11-20 09:01,臨時報告書（内国特定有価証券）,,,,第29条第2項第4号,,,0,0,0,1,1,0,0,1,1
13,S100USMD,E12963,,2010401034817,ステート・ストリート・グローバル・アドバイザーズ株式会社,G08721,030,10A000,160,2024-02-21,2025-02-20,2024-11-20 09:01,半期報告書（内国投資信託受益証券）－第13期(2024/02/21－2025/02/20),,,,,,,0,0,0,1,1,0,0,1,1
14,S100USPB,E10677,,9010001021473,アセットマネジメントＯｎｅ株式会社,G14328,030,995000,180,,,2024-11-20 09:01,臨時報告書（内国特定有価証券）,,,,第29条第2項第4号,,,0,0,0,1,1,0,0,1,1
15,S100UJJE,E10439,,4010001027269,ピクテ・ジャパン株式会社,G13195,030,10A000,160,2024-02-21,2025-02-20,2024-11-20 09:01,半期報告書（内国投資信託受益証券）－第7期(2024/02/21－2025/02/20),,,,,,,0,0,0,1,1,0,0,1,1
16,S100UKB2,E10439,,4010001027269,ピクテ・ジャパン株式会社,G12579,030,04A000,030,,,2024-11-20 09:01,有価証券届出書（内国投資信託受益証券）,,,,,,,0,0,0,1,1,1,0,1,1
17,S100UKB7,E10439,,4010001027269,ピクテ・ジャパン株式会社,G12579,030,10A000,160,2024-02-21,2025-02-20,2024-11-20 09:02,半期報告書（内国投資信託受益証券）－第8期(2024/02/21－2025/02/20),,,,,,,0,0,0,1,1,0,0,1,1
18,S100UO2H,E12963,,2010401034817,ステート・ストリート・グローバル・アドバイザーズ株式会社,G08721,030,04A001,040,,,2024-11-20 09:02,訂正有価証券届出書（内国投資信託受益証券）,,,,,S100TE1L,,0,0,0,1,1,1,0,1,1
19,S100UIFH,E12441,,3010001062358,ＳＢＩ岡三アセットマネジメント株式会社,G04679,030,995000,180,,,2024-11-20 09:02,臨時報告書（内国特定有価証券）,,,,第29条第2項第4号,,,0,0,0,1,1,0,0,1,1
20,S100UD3E,E12566,,2010001066780,イーストスプリング・インベストメンツ株式会社,G06861,030,07A000,120,2024-02-21,2024-08-20,2024-11-20 09:02,有価証券報告書（内国投資信託受益証券）－第32期(2024/02/21－2024/08/20),,,,,,,0,0,0,1,1,1,0,1,1
21,S100UPYW,E06748,,2010001049257,大和アセットマネジメント株式会社,G10284,030,07A000,120,2024-02-28,2024-08-27,2024-11-20 09:03,有価証券報告書（内国投資信託受益証券）－第21期(2024/02/28－2024/08/27),,,,,,,0,0,0,1,1,1,0,1,1
22,S100UJVW,E12460,,7010001054021,野村アセットマネジメント株式会社,G05241,030,995000,180,,,2024-11-20 09:03,臨時報告書（内国特定有価証券）,,,,第29条第2項第4号,,,0,0,0,1,1,0,0,1,1
23,S100UD3D,E12566,,2010001066780,イーストスプリング・インベストメンツ株式会社,G06861,030,04A000,030,,,2024-11-20 09:03,有価証券届出書（内国投資信託受益証券）,,,,,,,0,0,0,1,1,1,0,1,1
24,S100UQE2,E10677,,9010001021473,アセットマネジメントＯｎｅ株式会社,G12100,030,07A000,120,2024-02-21,2024-08-20,2024-11-20 09:03,有価証券報告書（内国投資信託受益証券）－第17期(2024/02/21－2024/08/20),,,,,,,0,0,0,1,1,1,0,1,1
25,S100USRH,E12963,,2010401034817,ステート・ストリート・グローバル・アドバイザーズ株式会社,G03286,030,10A000,160,2024-02-21,2025-02-20,2024-11-20 09:03,半期報告書（内国投資信託受益証券）－第23期(2024/02/21－2025/02/20),,,,,,,0,0,0,1,1,0,0,1,1
26,S100UIH1,E12448,,8010401040306,明治安田アセットマネジメント株式会社,G11614,030,04A000,030,,,2024-11-20 09:03,有価証券届出書（内国投資信託受益証券）,,,,,,,0,0,0,1,1,1,0,1,1
27,S100UBW9,E12444,,8010001114914,三井住友トラスト・アセットマネジメント株式会社,G12735,030,07A000,120,2023-08-22,2024-08-20,2024-11-20 09:04,有価証券報告書（内国投資信託受益証券）－第7期(2023/08/22－2024/08/20),,,,,,,0,0,0,1,1,1,0,1,1
28,S100UPYZ,E06748,,2010001049257,大和アセットマネジメント株式会社,G10284,030,04A000,030,,,2024-11-20 09:04,有価証券届出書（内国投資信託受益証券）,,,,,,,0,0,0,1,1,1,0,1,1
29,S100ULEM,E14714,,2010001090483,キャピタル　アセットマネジメント株式会社,G10518,030,04A000,030,,,2024-11-20 09:04,有価証券届出書（内国投資信託受益証券）,,,,,,,0,0,0,1,1,1,0,1,1
30,S100UE07,E12444,,8010001114914,三井住友トラスト・アセットマネジメント株式会社,G14968,030,07A000,120,2023-09-29,2024-08-20,2024-11-20 09:04,有価証券報告書（内国投資信託受益証券）－第1期(2023/09/29－2024/08/20),,,,,,,0,0,0,1,1,1,0,1,1
31,S100UQDY,E10677,,9010001021473,アセットマネジメントＯｎｅ株式会社,G12100,030,04A000,030,,,2024-11-20 09:04,有価証券届出書（内国投資信託受益証券）,,,,,,,0,0,0,1,1,1,0,1,1
32,S100UIFI,E12441,,3010001062358,ＳＢＩ岡三アセットマネジメント株式会社,G04893,030,995000,180,,,2024-11-20 09:04,臨時報告書（内国特定有価証券）,,,,第29条第2項第4号,,,0,0,0,1,1,0,0,1,1
33,S100UPIT,E12963,,2010401034817,ステート・ストリート・グローバル・アドバイザーズ株式会社,G03286,030,04A001,040,,,2024-11-20 09:04,訂正有価証券届出書（内国投資信託受益証券）,,,,,S100TEDZ,,0,0,0,1,1,1,0,1,1
34,S100UJW0,E12460,,7010001054021,野村アセットマネジメント株式会社,G07112,030,995000,180,,,2024-11-20 09:04,臨時報告書（内国特定有価証券）,,,,第29条第2項第4号,,,0,0,0,1,1,0,0,1,1
35,S100UD3I,E12425,,5010001048652,フランクリン・テンプルトン・ジャパン株式会社,G13581,030,07A000,120,2024-02-21,2024-08-20,2024-11-20 09:05,有価証券報告書（内国投資信託受益証券）－第23期(2024/02/21－2024/08/20),,,,,,,0,0,0,1,1,1,0,1,1
36,S100USRG,E12963,,2010401034817,ステート・ストリート・グローバル・アドバイザーズ株式会社,G08320,030,10A000,160,2024-02-21,2025-02-20,2024-11-20 09:05,半期報告書（内国投資信託受益証券）－第14期(2024/02/21－2025/02/20),,,,,,,0,0,0,1,1,0,0,1,1
37,S100UD3H,E12425,,5010001048652,フランクリン・テンプルトン・ジャパン株式会社,G13581,030,04A000,030,,,2024-11-20 09:05,有価証券届出書（内国投資信託受益証券）,,,,,,,0,0,0,1,1,1,0,1,1
38,S100UI8R,E12450,,6010401037394,ラッセル・インベストメント株式会社,G12616,030,04A000,030,,,2024-11-20 09:05,有価証券届出書（内国投資信託受益証券）,,,,,,,0,0,0,1,1,1,0,1,1
39,S100UMCN,E26704,,6010001141324,カレラアセットマネジメント株式会社,G12418,030,04A001,040,,,2024-11-20 09:06,訂正有価証券届出書（内国投資信託受益証券）,,,,,S100TC9H,,0,0,0,1,1,1,0,1,1
40,S100UP8J,E12963,,2010401034817,ステート・ストリート・グローバル・アドバイザーズ株式会社,G08320,030,04A001,040,,,2024-11-20 09:07,訂正有価証券届出書（内国投資信託受益証券）,,,,,S100TEJ2,,0,0,0,1,1,1,0,1,1
41,S100UMCM,E26704,,6010001141324,カレラアセットマネジメント株式会社,G12418,030,07A000,120,2024-02-21,2024-08-20,2024-11-20 09:07,有価証券報告書（内国投資信託受益証券）－第15期(2024/02/21－2024/08/20),,,,,,,0,0,0,1,1,1,0,1,1
42,S100UBW8,E12444,,8010001114914,三井住友トラスト・アセットマネジメント株式会社,G12735,030,04A000,030,,,2024-11-20 09:07,有価証券届出書（内国投資信託受益証券）,,,,,,,0,0,0,1,1,1,0,1,1
43,S100UDG5,E30994,,8010001036852,いちよしアセットマネジメント株式会社,G13851,030,07A000,120,2023-08-22,2024-08-20,2024-11-20 09:07,有価証券報告書（内国投資信託受益証券）－第4期(2023/08/22－2024/08/20),,,,,,,0,0,0,1,1,1,0,1,1
44,S100UDG4,E30994,,8010001036852,いちよしアセットマネジメント株式会社,G13851,030,04A000,030,,,2024-11-20 09:07,有価証券届出書（内国投資信託受益証券）,,,,,,,0,0,0,1,1,1,0,1,1
45,S100USSB,E12963,,2010401034817,ステート・ストリート・グローバル・アドバイザーズ株式会社,G11688,030,10A000,160,2024-02-21,2025-02-20,2024-11-20 09:08,半期報告書（内国投資信託受益証券）－第9期(2024/02/21－2025/02/20),,,,,,,0,0,0,1,1,0,0,1,1
46,S100UMCS,E26704,,6010001141324,カレラアセットマネジメント株式会社,G14442,030,04A001,040,,,2024-11-20 09:08,訂正有価証券届出書（内国投資信託受益証券）,,,,,S100TC9M,,0,0,0,1,1,1,0,1,1
47,S100UDZQ,E12444,,8010001114914,三井住友トラスト・アセットマネジメント株式会社,G14968,030,04A000,030,,,2024-11-20 09:08,有価証券届出書（内国投資信託受益証券）,,,,,,,0,0,0,1,1,1,0,1,1
48,S100UPV3,E11518,,9010001034450,三菱ＵＦＪアセットマネジメント株式会社,G01773,030,995000,180,,,2024-11-20 09:08,臨時報告書（内国特定有価証券）,,,,第29条第2項第4号,,,0,0,0,1,1,0,0,1,1
49,S100UMCP,E26704,,6010001141324,カレラアセットマネジメント株式会社,G14442,030,07A000,120,2024-02-21,2024-08-20,2024-11-20 09:08,有価証券報告書（内国投資信託受益証券）－第5期(2024/02/21－2024/08/20),,,,,,,0,0,0,1,1,1,0,1,1
50,S100UPV6,E11518,,9010001034450,三菱ＵＦＪアセットマネジメント株式会社,G03590,030,995000,180,,,2024-11-20 09:09,臨時報告書（内国特定有価証券）,,,,第29条第2項第4号,,,0,0,0,1,1,0,0,1,1
51,S100UQ9W,E12963,,2010401034817,ステート・ストリート・グローバル・アドバイザーズ株式会社,G11688,030,04A001,040,,,2024-11-20 09:09,訂正有価証券届出書（内国投資信託受益証券）,,,,,S100TE4H,,0,0,0,1,1,1,0,1,1
52,S100ULFO,E12444,,8010001114914,三井住友トラスト・アセットマネジメント株式会社,G13490,030,10A000,160,2024-02-21,2025-02-20,2024-11-20 09:09,半期報告書（内国投資信託受益証券）－第6期(2024/02/21－2025/02/20),,,,,,,0,0,0,1,1,0,0,1,1
53,S100URFH,E06748,,2010001049257,大和アセットマネジメント株式会社,G12608,030,995000,180,,,2024-11-20 09:09,臨時報告書（内国特定有価証券）,,,,第29条第2項第4号,,,0,0,0,1,1,0,0,1,1
54,S100UMCL,E26704,,6010001141324,カレラアセットマネジメント株式会社,G13697,030,04A001,040,,,2024-11-20 09:09,訂正有価証券届出書（内国投資信託受益証券）,,,,,S100TC9Q,,0,0,0,1,1,1,0,1,1
55,S100UDFL,E14415,,2010001066608,シンプレクス・アセット・マネジメント株式会社,G08760,030,10A000,160,2024-02-21,2025-02-20,2024-11-20 09:09,半期報告書（内国投資信託受益証券）－第13期(2024/02/21－2025/02/20),,,,,,,0,0,0,1,1,0,0,1,1
56,S100UPV8,E11518,,9010001034450,三菱ＵＦＪアセットマネジメント株式会社,G03764,030,995000,180,,,2024-11-20 09:09,臨時報告書（内国特定有価証券）,,,,第29条第2項第4号,,,0,0,0,1,1,0,0,1,1
57,S100UN6D,E06479,,7010401061146,インベスコ・アセット・マネジメント株式会社,G12188,030,04A000,030,,,2024-11-20 09:09,有価証券届出書（内国投資信託受益証券）,,,,,,,0,0,0,1,1,1,0,1,1
58,S100UPVA,E11518,,9010001034450,三菱ＵＦＪアセットマネジメント株式会社,G04118,030,995000,180,,,2024-11-20 09:10,臨時報告書（内国特定有価証券）,,,,第29条第2項第4号,,,0,0,0,1,1,0,0,1,1
59,S100UDFJ,E14415,,2010001066608,シンプレクス・アセット・マネジメント株式会社,G08760,030,04A000,030,,,2024-11-20 09:10,有価証券届出書（内国投資信託受益証券）,,,,,,,0,0,0,1,1,1,0,1,1
60,S100UMCT,E26704,,6010001141324,カレラアセットマネジメント株式会社,G13697,030,07A000,120,2024-02-21,2024-08-20,2024-11-20 09:10,有価証券報告書（内国投資信託受益証券）－第9期(2024/02/21－2024/08/20),,,,,,,0,0,0,1,1,1,0,1,1
61,S100USRF,E12963,,2010401034817,ステート・ストリート・グローバル・アドバイザーズ株式会社,G11687,030,10A000,160,2024-02-21,2025-02-20,2024-11-20 09:10,半期報告書（内国投資信託受益証券）－第9期(2024/02/21－2025/02/20),,,,,,,0,0,0,1,1,0,0,1,1
62,S100UPVC,E11518,,9010001034450,三菱ＵＦＪアセットマネジメント株式会社,G04791,030,995000,180,,,2024-11-20 09:10,臨時報告書（内国特定有価証券）,,,,第29条第2項第4号,,,0,0,0,1,1,0,0,1,1
63,S100UN6I,E06479,,7010401061146,インベスコ・アセット・マネジメント株式会社,G12188,030,07A000,120,2024-02-23,2024-08-22,2024-11-20 09:10,有価証券報告書（内国投資信託受益証券）－第16期(2024/02/23－2024/08/22),,,,,,,0,0,0,1,1,1,0,1,1
64,S100UDFQ,E14415,,2010001066608,シンプレクス・アセット・マネジメント株式会社,G08761,030,10A000,160,2024-02-21,2025-02-20,2024-11-20 09:10,半期報告書（内国投資信託受益証券）－第13期(2024/02/21－2025/02/20),,,,,,,0,0,0,1,1,0,0,1,1
65,S100UI8T,E12450,,6010401037394,ラッセル・インベストメント株式会社,G12617,030,04A000,030,,,2024-11-20 09:10,有価証券届出書（内国投資信託受益証券）,,,,,,,0,0,0,1,1,1,0,1,1
66,S100UM6T,E30703,,1010001106942,マニュライフ・インベストメント・マネジメント株式会社,G11717,030,07A000,120,2024-02-21,2024-08-20,2024-11-20 09:10,有価証券報告書（内国投資信託受益証券）－第24期(2024/02/21－2024/08/20),,,,,,,0,0,0,1,1,1,0,1,1
67,S100UPEE,E12963,,2010401034817,ステート・ストリート・グローバル・アドバイザーズ株式会社,G11687,030,04A001,040,,,2024-11-20 09:11,訂正有価証券届出書（内国投資信託受益証券）,,,,,S100TEBE,,0,0,0,1,1,1,0,1,1
68,S100UPVF,E11518,,9010001034450,三菱ＵＦＪアセットマネジメント株式会社,G04818,030,995000,180,,,2024-11-20 09:11,臨時報告書（内国特定有価証券）,,,,第29条第2項第4号,,,0,0,0,1,1,0,0,1,1
69,S100UDFP,E14415,,2010001066608,シンプレクス・アセット・マネジメント株式会社,G08761,030,04A000,030,,,2024-11-20 09:11,有価証券届出書（内国投資信託受益証券）,,,,,,,0,0,0,1,1,1,0,1,1
70,S100UQ78,E12434,,7010001031160,ＳＯＭＰＯアセットマネジメント株式会社,G06853,030,995000,180,,,2024-11-20 09:11,臨時報告書（内国特定有価証券）,,,,第29条第2項第4号,,,0,0,0,1,1,0,0,1,1
71,S100UPVH,E11518,,9010001034450,三菱ＵＦＪアセットマネジメント株式会社,G05309,030,995000,180,,,2024-11-20 09:11,臨時報告書（内国特定有価証券）,,,,第29条第2項第4号,,,0,0,0,1,1,0,0,1,1
72,S100UDFO,E14415,,2010001066608,シンプレクス・アセット・マネジメント株式会社,G09231,030,10A000,160,2024-02-21,2025-02-20,2024-11-20 09:11,半期報告書（内国投資信託受益証券）－第12期(2024/02/21－2025/02/20),,,,,,,0,0,0,1,1,0,0,1,1
73,S100USMP,E06433,,3010001034076,東京海上アセットマネジメント株式会社,G15236,030,995000,180,,,2024-11-20 09:11,臨時報告書（内国特定有価証券）,,,,第29条第2項第4号,,,0,0,0,1,1,0,0,1,1
74,S100UQG7,E09666,,9010001062807,アムンディ・ジャパン株式会社,G01425,030,07A000,120,2024-02-21,2024-08-20,2024-11-20 09:11,有価証券報告書（内国投資信託受益証券）－第48期(2024/02/21－2024/08/20),,,,,,,0,0,0,1,1,1,0,1,1
75,S100UPVK,E11518,,9010001034450,三菱ＵＦＪアセットマネジメント株式会社,G07151,030,995000,180,,,2024-11-20 09:12,臨時報告書（内国特定有価証券）,,,,第29条第2項第4号,,,0,0,0,1,1,0,0,1,1
76,S100UOUJ,E12963,,2010401034817,ステート・ストリート・グローバル・アドバイザーズ株式会社,G08972,030,07A000,120,2023-08-22,2024-08-20,2024-11-20 09:12,有価証券報告書（内国投資信託受益証券）－第12期(2023/08/22－2024/08/20),,,,,,,0,0,0,1,1,1,0,1,1
77,S100UQ81,E12434,,7010001031160,ＳＯＭＰＯアセットマネジメント株式会社,G08472,030,995000,180,,,2024-11-20 09:12,臨時報告書（内国特定有価証券）,,,,第29条第2項第4号,,,0,0,0,1,1,0,0,1,1
78,S100UDFN,E14415,,2010001066608,シンプレクス・アセット・マネジメント株式会社,G09231,030,04A000,030,,,2024-11-20 09:12,有価証券届出書（内国投資信託受益証券）,,,,,,,0,0,0,1,1,1,0,1,1
79,S100ULLR,E12453,,9010001025953,ニッセイアセットマネジメント株式会社,G06856,030,07A000,120,2023-08-22,2024-08-20,2024-11-20 09:12,有価証券報告書（内国投資信託受益証券）－第17期(2023/08/22－2024/08/20),,,,,,,0,0,0,1,1,1,0,1,1
80,S100UPVM,E11518,,9010001034450,三菱ＵＦＪアセットマネジメント株式会社,G10964,030,995000,180,,,2024-11-20 09:12,臨時報告書（内国特定有価証券）,,,,第29条第2項第4号,,,0,0,0,1,1,0,0,1,1
81,S100UDFT,E14415,,2010001066608,シンプレクス・アセット・マネジメント株式会社,G09232,030,10A000,160,2024-02-21,2025-02-20,2024-11-20 09:13,半期報告書（内国投資信託受益証券）－第12期(2024/02/21－2025/02/20),,,,,,,0,0,0,1,1,0,0,1,1
82,S100UPVP,E11518,,9010001034450,三菱ＵＦＪアセットマネジメント株式会社,G11192,030,995000,180,,,2024-11-20 09:13,臨時報告書（内国特定有価証券）,,,,第29条第2項第4号,,,0,0,0,1,1,0,0,1,1
83,S100ULLS,E12453,,9010001025953,ニッセイアセットマネジメント株式会社,G06856,030,04A000,030,,,2024-11-20 09:13,有価証券届出書（内国投資信託受益証券）,,,,,,,0,0,0,1,1,1,0,1,1
84,S100UOCE,E12963,,2010401034817,ステート・ストリート・グローバル・アドバイザーズ株式会社,G08972,030,04A000,030,,,2024-11-20 09:13,有価証券届出書（内国投資信託受益証券）,,,,,,,0,0,0,1,1,1,0,1,1
85,S100UPVQ,E11518,,9010001034450,三菱ＵＦＪアセットマネジメント株式会社,G11526,030,995000,180,,,2024-11-20 09:13,臨時報告書（内国特定有価証券）,,,,第29条第2項第4号,,,0,0,0,1,1,0,0,1,1
86,S100UDFR,E14415,,2010001066608,シンプレクス・アセット・マネジメント株式会社,G09232,030,04A000,030,,,2024-11-20 09:13,有価証券届出書（内国投資信託受益証券）,,,,,,,0,0,0,1,1,1,0,1,1
87,S100UPVT,E11518,,9010001034450,三菱ＵＦＪアセットマネジメント株式会社,G12401,030,995000,180,,,2024-11-20 09:14,臨時報告書（内国特定有価証券）,,,,第29条第2項第4号,,,0,0,0,1,1,0,0,1,1
88,S100USVS,E06264,,6010001098507,ＪＰモルガン・アセット・マネジメント株式会社,G13435,030,995000,180,,,2024-11-20 09:14,臨時報告書（内国特定有価証券）,,,,第29条第2項第4号,,,0,0,0,1,1,0,0,1,1
89,S100UQG9,E09666,,9010001062807,アムンディ・ジャパン株式会社,G01425,030,04A000,030,,,2024-11-20 09:14,有価証券届出書（内国投資信託受益証券）,,,,,,,0,0,0,1,1,1,0,1,1
90,S100UDFW,E14415,,2010001066608,シンプレクス・アセット・マネジメント株式会社,G10425,030,10A000,160,2024-02-21,2025-02-20,2024-11-20 09:14,半期報告書（内国投資信託受益証券）－第11期(2024/02/21－2025/02/20),,,,,,,0,0,0,1,1,0,0,1,1
91,S100UPVX,E11518,,9010001034450,三菱ＵＦＪアセットマネジメント株式会社,G12443,030,995000,180,,,2024-11-20 09:14,臨時報告書（内国特定有価証券）,,,,第29条第2項第4号,,,0,0,0,1,1,0,0,1,1
92,S100ULFK,E12444,,8010001114914,三井住友トラスト・アセットマネジメント株式会社,G13490,030,04A000,030,,,2024-11-20 09:14,有価証券届出書（内国投資信託受益証券）,,,,,,,0,0,0,1,1,1,0,1,1
93,S100USVW,E06264,,6010001098507,ＪＰモルガン・アセット・マネジメント株式会社,G05280,030,995000,180,,,2024-11-20 09:14,臨時報告書（内国特定有価証券）,,,,第29条第2項第4号,,,0,0,0,1,1,0,0,1,1
94,S100UDFV,E14415,,2010001066608,シンプレクス・アセット・マネジメント株式会社,G10425,030,04A000,030,,,2024-11-20 09:14,有価証券届出書（内国投資信託受益証券）,,,,,,,0,0,0,1,1,1,0,1,1
95,S100UPW2,E11518,,9010001034450,三菱ＵＦＪアセットマネジメント株式会社,G15068,030,995000,180,,,2024-11-20 09:14,臨時報告書（内国特定有価証券）,,,,第29条第2項第4号,,,0,0,0,1,1,0,0,1,1
96,S100USVU,E06264,,6010001098507,ＪＰモルガン・アセット・マネジメント株式会社,G13437,030,995000,180,,,2024-11-20 09:14,臨時報告書（内国特定有価証券）,,,,第29条第2項第4号,,,0,0,0,1,1,0,0,1,1
97,S100USSA,E12963,,2010401034817,ステート・ストリート・グローバル・アドバイザーズ株式会社,G15115,030,07A000,120,2024-03-06,2024-09-05,2024-11-20 09:15,有価証券報告書（内国投資信託受益証券）－第2期(2024/03/06－2024/09/05),,,,,,,0,0,0,1,1,1,0,1,1
98,S100ULLW,E12453,,9010001025953,ニッセイアセットマネジメント株式会社,G10613,030,10A000,160,2024-02-21,2025-02-20,2024-11-20 09:15,半期報告書（内国投資信託受益証券）－第11期(2024/02/21－2025/02/20),,,,,,,0,0,0,1,1,0,0,1,1
99,S100UI8U,E12450,,6010401037394,ラッセル・インベストメント株式会社,G08273,030,07A000,120,2024-02-21,2024-08-20,2024-11-20 09:15,有価証券報告書（内国投資信託受益証券）－第27期(2024/02/21－2024/08/20),,,,,,,0,0,0,1,1,1,0,1,1
100,S100UDG0,E14415,,2010001066608,シンプレクス・アセット・マネジメント株式会社,G10655,030,10A000,160,2024-02-21,2025-02-20,2024-11-20 09:15,半期報告書（内国投資信託受益証券）－第11期(2024/02/21－2025/02/20),,,,,,,0,0,0,1,1,0,0,1,1
101,S100UM6Q,E30703,,1010001106942,マニュライフ・インベストメント・マネジメント株式会社,G11717,030,04A000,030,,,2024-11-20 09:15,有価証券届出書（内国投資信託受益証券）,,,,,,,0,0,0,1,1,1,0,1,1
102,S100ULLY,E12453,,9010001025953,ニッセイアセットマネジメント株式会社,G10613,030,04A000,030,,,2024-11-20 09:15,有価証券届出書（内国投資信託受益証券）,,,,,,,0,0,0,1,1,1,0,1,1
103,S100UDFY,E14415,,2010001066608,シンプレクス・アセット・マネジメント株式会社,G10655,030,04A000,030,,,2024-11-20 09:15,有価証券届出書（内国投資信託受益証券）,,,,,,,0,0,0,1,1,1,0,1,1
104,S100UQZW,E12963,,2010401034817,ステート・ストリート・グローバル・アドバイザーズ株式会社,G15115,030,04A001,040,,,2024-11-20 09:16,訂正有価証券届出書（内国投資信託受益証券）,,,,,S100SHBM,,0,0,0,1,1,1,0,1,1
105,S100UDG3,E14415,,2010001066608,シンプレクス・アセット・マネジメント株式会社,G11257,030,07A000,120,2023-08-21,2024-08-20,2024-11-20 09:16,有価証券報告書（内国投資信託受益証券）－第9期(2023/08/21－2024/08/20),,,,,,,0,0,0,1,1,1,0,1,1
106,S100ULM8,E12453,,9010001025953,ニッセイアセットマネジメント株式会社,G14019,030,07A000,120,2023-08-22,2024-08-20,2024-11-20 09:16,有価証券報告書（内国投資信託受益証券）－第4期(2023/08/22－2024/08/20),,,,,,,0,0,0,1,1,1,0,1,1
107,S100USSQ,E12963,,2010401034817,ステート・ストリート・グローバル・アドバイザーズ株式会社,G15115,030,04A000,030,,,2024-11-20 09:17,有価証券届出書（内国投資信託受益証券）,,,,,,,0,0,0,1,1,1,0,1,1
108,S100UDG1,E14415,,2010001066608,シンプレクス・アセット・マネジメント株式会社,G11257,030,04A000,030,,,2024-11-20 09:17,有価証券届出書（内国投資信託受益証券）,,,,,,,0,0,0,1,1,1,0,1,1
109,S100ULM9,E12453,,9010001025953,ニッセイアセットマネジメント株式会社,G14019,030,04A000,030,,,2024-11-20 09:17,有価証券届出書（内国投資信託受益証券）,,,,,,,0,0,0,1,1,1,0,1,1
110,S100ULMC,E12453,,9010001025953,ニッセイアセットマネジメント株式会社,G14020,030,07A000,120,2023-08-22,2024-08-20,2024-11-20 09:18,有価証券報告書（内国投資信託受益証券）－第4期(2023/08/22－2024/08/20),,,,,,,0,0,0,1,1,1,0,1,1
111,S100USSU,E12963,,2010401034817,ステート・ストリート・グローバル・アドバイザーズ株式会社,G15117,030,07A000,120,2024-03-06,2024-09-05,2024-11-20 09:18,有価証券報告書（内国投資信託受益証券）－第2期(2024/03/06－2024/09/05),,,,,,,0,0,0,1,1,1,0,1,1
112,S100UT8G,E30567,,9010401102237,アスパラントグループ株式会社,,060,010002,350,,,2024-11-20 09:18,変更報告書,E39126,,,,,,0,0,0,1,1,0,0,1,1
113,S100ULMF,E12453,,9010001025953,ニッセイアセットマネジメント株式会社,G14020,030,04A000,030,,,2024-11-20 09:18,有価証券届出書（内国投資信託受益証券）,,,,,,,0,0,0,1,1,1,0,1,1
114,S100UQGI,E09666,,9010001062807,アムンディ・ジャパン株式会社,G07497,030,10A000,160,2024-02-21,2025-02-20,2024-11-20 09:19,半期報告書（内国投資信託受益証券）－第16期(2024/02/21－2025/02/20),,,,,,,0,0,0,1,1,0,0,1,1
115,S100USIE,E12963,,2010401034817,ステート・ストリート・グローバル・アドバイザーズ株式会社,G15117,030,04A001,040,,,2024-11-20 09:19,訂正有価証券届出書（内国投資信託受益証券）,,,,,S100SHBA,,0,0,0,1,1,1,0,1,1
116,S100UF3G,E12473,,4010001031576,ＵＢＳアセット・マネジメント株式会社,G05502,030,07A000,120,2023-08-22,2024-08-20,2024-11-20 09:19,有価証券報告書（内国投資信託受益証券）－第17期(2023/08/22－2024/08/20),,,,,,,0,0,0,1,1,1,0,1,1
117,S100UT1L,E03645,85370,5110001022754,株式会社大光銀行,,010,043A00,160,2024-04-01,2025-03-31,2024-11-20 09:19,半期報告書－第123期(2024/04/01－2025/03/31),,,,,,,0,0,0,1,1,0,0,1,1
118,S100ULN3,E12453,,9010001025953,ニッセイアセットマネジメント株式会社,G14976,030,10A000,160,2024-02-21,2025-02-20,2024-11-20 09:19,半期報告書（内国投資信託受益証券）－第2期(2024/02/21－2025/02/20),,,,,,,0,0,0,1,1,0,0,1,1
119,S100UF3J,E12473,,4010001031576,ＵＢＳアセット・マネジメント株式会社,G05502,030,04A000,030,,,2024-11-20 09:20,有価証券届出書（内国投資信託受益証券）,,,,,,,0,0,0,1,1,1,0,1,1
120,S100USW4,E12963,,2010401034817,ステート・ストリート・グローバル・アドバイザーズ株式会社,G15117,030,04A000,030,,,2024-11-20 09:20,有価証券届出書（内国投資信託受益証券）,,,,,,,0,0,0,1,1,1,0,1,1
121,S100ULN4,E12453,,9010001025953,ニッセイアセットマネジメント株式会社,G14976,030,04A000,030,,,2024-11-20 09:20,有価証券届出書（内国投資信託受益証券）,,,,,,,0,0,0,1,1,1,0,1,1
122,S100UF3M,E12473,,4010001031576,ＵＢＳアセット・マネジメント株式会社,G14158,030,07A000,120,2024-02-21,2024-08-20,2024-11-20 09:20,有価証券報告書（内国投資信託受益証券）－第7期(2024/02/21－2024/08/20),,,,,,,0,0,0,1,1,1,0,1,1
123,S100UI8W,E12450,,6010401037394,ラッセル・インベストメント株式会社,G12616,030,07A000,120,2023-08-22,2024-08-20,2024-11-20 09:21,有価証券報告書（内国投資信託受益証券）－第7期(2023/08/22－2024/08/20),,,,,,,0,0,0,1,1,1,0,1,1
124,S100UT1B,E03645,85370,5110001022754,株式会社大光銀行,,010,042000,135,,,2024-11-20 09:21,確認書,,,,,,,0,0,0,0,1,0,0,0,1
125,S100UF3N,E12473,,4010001031576,ＵＢＳアセット・マネジメント株式会社,G14158,030,04A000,030,,,2024-11-20 09:21,有価証券届出書（内国投資信託受益証券）,,,,,,,0,0,0,1,1,1,0,1,1
126,S100UDHO,E15787,,1010701021680,楽天投信投資顧問株式会社,G07599,030,07A000,120,2023-08-22,2024-08-20,2024-11-20 09:23,有価証券報告書（内国投資信託受益証券）－第15期(2023/08/22－2024/08/20),,,,,,,0,0,0,1,1,1,0,1,1
127,S100UDHM,E15787,,1010701021680,楽天投信投資顧問株式会社,G07599,030,04A000,030,,,2024-11-20 09:23,有価証券届出書（内国投資信託受益証券）,,,,,,,0,0,0,1,1,1,0,1,1
128,S100UDGZ,E32011,,5010601048309,りそなアセットマネジメント株式会社,G13517,030,07A000,120,2023-08-22,2024-08-20,2024-11-20 09:25,有価証券報告書（内国投資信託受益証券）－第5期(2023/08/22－2024/08/20),,,,,,,0,0,0,1,1,1,0,1,1
129,S100UI8Z,E12450,,6010401037394,ラッセル・インベストメント株式会社,G12617,030,07A000,120,2023-08-22,2024-08-20,2024-11-20 09:26,有価証券報告書（内国投資信託受益証券）－第7期(2023/08/22－2024/08/20),,,,,,,0,0,0,1,1,1,0,1,1
130,S100UDGX,E32011,,5010601048309,りそなアセットマネジメント株式会社,G13517,030,04A000,030,,,2024-11-20 09:26,有価証券届出書（内国投資信託受益証券）,,,,,,,0,0,0,1,1,1,0,1,1
131,S100UDH1,E32011,,5010601048309,りそなアセットマネジメント株式会社,G13865,030,07A000,120,2023-08-22,2024-08-20,2024-11-20 09:27,有価証券報告書（内国投資信託受益証券）－第4期(2023/08/22－2024/08/20),,,,,,,0,0,0,1,1,1,0,1,1
132,S100UKQL,E11764,,1010401064261,Ｔ＆Ｄアセットマネジメント株式会社,G12171,030,07A000,120,2024-02-23,2024-08-22,2024-11-20 09:27,有価証券報告書（内国投資信託受益証券）－第16期(2024/02/23－2024/08/22),,,,,,,0,0,0,1,1,1,0,1,1
133,S100UDH0,E32011,,5010601048309,りそなアセットマネジメント株式会社,G13865,030,04A000,030,,,2024-11-20 09:27,有価証券届出書（内国投資信託受益証券）,,,,,,,0,0,0,1,1,1,0,1,1
134,S100UDH5,E32011,,5010601048309,りそなアセットマネジメント株式会社,G14926,030,07A000,120,2023-08-16,2024-08-20,2024-11-20 09:28,有価証券報告書（内国投資信託受益証券）－第1期(2023/08/16－2024/08/20),,,,,,,0,0,0,1,1,1,0,1,1
135,S100UDH2,E32011,,5010601048309,りそなアセットマネジメント株式会社,G14926,030,04A000,030,,,2024-11-20 09:29,有価証券届出書（内国投資信託受益証券）,,,,,,,0,0,0,1,1,1,0,1,1
136,S100UKQI,E11764,,1010401064261,Ｔ＆Ｄアセットマネジメント株式会社,G12171,030,04A000,030,,,2024-11-20 09:29,有価証券届出書（内国投資信託受益証券）,,,,,,,0,0,0,1,1,1,0,1,1
137,S100UQGS,E09666,,9010001062807,アムンディ・ジャパン株式会社,G07497,030,04A000,030,,,2024-11-20 09:29,有価証券届出書（内国投資信託受益証券）,,,,,,,0,0,0,1,1,1,0,1,1
138,S100UTC5,E03259,74940,4020001007344,株式会社コナカ,,010,053000,180,,,2024-11-20 09:30,臨時報告書,,,,"第19条第2項第12号,第19条第2項第19号",,,0,0,0,1,1,0,0,1,1
139,S100UD2Z,E12430,,8010401072159,日興アセットマネジメント株式会社,G01708,030,07A000,120,2023-08-22,2024-08-20,2024-11-20 09:30,有価証券報告書（内国投資信託受益証券）－第26期(2023/08/22－2024/08/20),,,,,,,0,0,0,1,1,1,0,1,1
140,S100UD2X,E12430,,8010401072159,日興アセットマネジメント株式会社,G01708,030,04A000,030,,,2024-11-20 09:31,有価証券届出書（内国投資信託受益証券）,,,,,,,0,0,0,1,1,1,0,1,1
141,S100UD31,E12430,,8010401072159,日興アセットマネジメント株式会社,G03079,030,07A000,120,2023-08-22,2024-08-20,2024-11-20 09:32,有価証券報告書（内国投資信託受益証券）－第23期(2023/08/22－2024/08/20),,,,,,,0,0,0,1,1,1,0,1,1
142,S100UD30,E12430,,8010401072159,日興アセットマネジメント株式会社,G03079,030,04A000,030,,,2024-11-20 09:32,有価証券届出書（内国投資信託受益証券）,,,,,,,0,0,0,1,1,1,0,1,1
143,S100UD33,E12430,,8010401072159,日興アセットマネジメント株式会社,G08211,030,07A000,120,2024-02-21,2024-08-20,2024-11-20 09:33,有価証券報告書（内国投資信託受益証券）－第28期(2024/02/21－2024/08/20),,,,,,,0,0,0,1,1,1,0,1,1
144,S100USVZ,E32188,,2180001121833,株式会社マサユキコーポレーション,,060,010002,350,,,2024-11-20 09:34,変更報告書,E03289,,,,,,0,0,0,1,1,0,0,1,1
145,S100UD32,E12430,,8010401072159,日興アセットマネジメント株式会社,G08211,030,04A000,030,,,2024-11-20 09:34,有価証券届出書（内国投資信託受益証券）,,,,,,,0,0,0,1,1,1,0,1,1
146,S100UD35,E12430,,8010401072159,日興アセットマネジメント株式会社,G10316,030,10A000,160,2024-02-21,2025-02-20,2024-11-20 09:35,半期報告書（内国投資信託受益証券）－第11期(2024/02/21－2025/02/20),,,,,,,0,0,0,1,1,0,0,1,1
147,S100UD34,E12430,,8010401072159,日興アセットマネジメント株式会社,G10316,030,04A000,030,,,2024-11-20 09:36,有価証券届出書（内国投資信託受益証券）,,,,,,,0,0,0,1,1,1,0,1,1
148,S100UM3M,E12453,,9010001025953,ニッセイアセットマネジメント株式会社,G13915,030,10A000,160,2024-02-21,2025-02-20,2024-11-20 09:41,半期報告書（内国投資信託受益証券）－第5期(2024/02/21－2025/02/20),,,,,,,0,0,0,1,1,0,0,1,1
149,S100UM3P,E12453,,9010001025953,ニッセイアセットマネジメント株式会社,G13915,030,04A000,030,,,2024-11-20 09:42,有価証券届出書（内国投資信託受益証券）,,,,,,,0,0,0,1,1,1,0,1,1
150,S100UM46,E12453,,9010001025953,ニッセイアセットマネジメント株式会社,G13916,030,10A000,160,2024-02-21,2025-02-20,2024-11-20 09:43,半期報告書（内国投資信託受益証券）－第5期(2024/02/21－2025/02/20),,,,,,,0,0,0,1,1,0,0,1,1
151,S100UM4A,E12453,,9010001025953,ニッセイアセットマネジメント株式会社,G13916,030,04A000,030,,,2024-11-20 09:44,有価証券届出書（内国投資信託受益証券）,,,,,,,0,0,0,1,1,1,0,1,1
152,S100USQR,E14843,,,グローバル・ファンズ・マネジメント・エス・エー,G06301,030,07C000,120,2023-05-21,2024-05-20,2024-11-20 09:44,有価証券報告書（外国投資信託受益証券）－第19期(2023/05/21－2024/05/20),,,,,,,0,0,0,0,1,1,0,0,1
153,S100USQS,E14843,,,グローバル・ファンズ・マネジメント・エス・エー,G06301,030,04C000,030,,,2024-11-20 09:45,有価証券届出書（外国投資信託受益証券）,,,,,,,0,0,0,0,1,1,0,0,1
154,S100URTI,E12453,,9010001025953,ニッセイアセットマネジメント株式会社,G02740,030,10A000,160,2024-02-21,2025-02-20,2024-11-20 09:45,半期報告書（内国投資信託受益証券）－第24期(2024/02/21－2025/02/20),,,,,,,0,0,0,1,1,0,0,1,1
155,S100URTK,E12453,,9010001025953,ニッセイアセットマネジメント株式会社,G02740,030,04A000,030,,,2024-11-20 09:46,有価証券届出書（内国投資信託受益証券）,,,,,,,0,0,0,1,1,1,0,1,1
156,S100UN9W,E12453,,9010001025953,ニッセイアセットマネジメント株式会社,G10953,030,10A000,160,2024-02-21,2025-02-20,2024-11-20 09:48,半期報告書（内国投資信託受益証券）－第10期(2024/02/21－2025/02/20),,,,,,,0,0,0,1,1,0,0,1,1
157,S100UN9Y,E12453,,9010001025953,ニッセイアセットマネジメント株式会社,G10953,030,04A000,030,,,2024-11-20 09:49,有価証券届出書（内国投資信託受益証券）,,,,,,,0,0,0,1,1,1,0,1,1
158,S100UNA2,E12453,,9010001025953,ニッセイアセットマネジメント株式会社,G03155,030,10A000,160,2024-02-21,2025-02-20,2024-11-20 09:50,半期報告書（内国投資信託受益証券）－第24期(2024/02/21－2025/02/20),,,,,,,0,0,0,1,1,0,0,1,1
159,S100UNA4,E12453,,9010001025953,ニッセイアセットマネジメント株式会社,G03155,030,04A000,030,,,2024-11-20 09:51,有価証券届出書（内国投資信託受益証券）,,,,,,,0,0,0,1,1,1,0,1,1
160,S100USWW,E12453,,9010001025953,ニッセイアセットマネジメント株式会社,G14864,030,995000,180,,,2024-11-20 09:52,臨時報告書（内国特定有価証券）,,,,第29条第2項第14号,,,0,0,0,1,1,0,0,1,1
161,S100UT71,E03641,85440,5040001000008,株式会社　京葉銀行,,010,043A00,160,2024-04-01,2025-03-31,2024-11-20 09:56,半期報告書－第119期(2024/04/01－2025/03/31),,,,,,,0,0,0,1,1,0,0,1,1
162,S100UTB5,E23311,,,穐田　誉輝,,060,010002,350,,,2024-11-20 10:00,変更報告書,E36733,,,,S100MK7N,,0,0,0,1,1,1,0,1,1
163,S100UTCG,E37563,,2010401105122,インフォメティス株式会社,,010,024001,040,,,2024-11-20 10:00,訂正有価証券届出書（新規公開時）,,,,,S100UM7V,,0,0,0,1,1,1,0,1,1
164,S100UT7T,E03641,85440,5040001000008,株式会社　京葉銀行,,010,042000,135,,,2024-11-20 10:00,確認書,,,,,,,0,0,0,0,1,0,0,0,1
165,S100UT7B,E05556,33950,4260001004499,株式会社サンマルクホールディングス,,010,053000,180,,,2024-11-20 10:04,臨時報告書,,,,第19条第2項第8号の2,,,0,0,0,1,1,0,0,1,1
166,S100UT86,E01137,53330,3180001010829,日本碍子株式会社,,010,120003,100,,,2024-11-20 10:07,発行登録追補書類（株券､社債券等）,,,,,S100UCBI,,0,0,0,1,1,1,0,1,1
167,S100UTCK,E40136,,7010401180409,株式会社カブ＆ピース,,010,020001,040,,,2024-11-20 10:11,訂正有価証券届出書（通常方式）,,,,,S100ULVR,,0,0,0,1,1,1,0,1,1
168,S100UT2G,E37201,,,林雅之,,060,010002,350,,,2024-11-20 10:23,変更報告書,E37159,,,,,,0,0,0,1,1,1,0,1,1
169,S100UT5E,E10292,,,バーガンディ・アセット・マネジメント・リミテッド,,060,030002,350,,,2024-11-20 10:36,変更報告書（特例対象株券等）,E00725,,,,S100I8EI,,0,0,0,1,1,1,0,1,1
170,S100USSH,E37520,,,山本　賢治,,060,010002,350,,,2024-11-20 10:38,変更報告書,E32906,,,,,,0,0,0,1,1,1,0,1,1
171,S100UTCN,E31458,,,永田　豊志,,060,090001,360,,,2024-11-20 10:41,訂正報告書（大量保有報告書・変更報告書）,E27894,,,,S100UTAB,,0,0,0,1,1,0,0,1,1
172,S100UTC8,E37678,,,Ｓｅａｃａｓｔｌｅ　Ｓｉｎｇａｐｏｒｅ　Ｐｔｅ．Ｌｔｄ,,060,090001,360,,,2024-11-20 10:47,訂正報告書（大量保有報告書・変更報告書）,E03740,,,,S100SPAC,,0,0,0,1,1,0,0,1,1
173,S100UTCZ,E37678,,,Ｓｅａｃａｓｔｌｅ　Ｓｉｎｇａｐｏｒｅ　Ｐｔｅ．Ｌｔｄ,,060,090001,360,,,2024-11-20 10:58,訂正報告書（大量保有報告書・変更報告書）,E03740,,,,S100SPBZ,,0,0,0,1,1,0,0,1,1
174,S100UT4T,E03532,,6010001008845,株式会社みずほ銀行,,060,010002,350,,,2024-11-20 11:00,変更報告書,E01959,,,,,,0,0,0,1,1,1,0,1,1
175,S100UTCP,E03953,88600,1120101037457,フジ住宅株式会社,,010,170000,220,,,2024-11-20 11:07,自己株券買付状況報告書（法２４条の６第１項に基づくもの）,,,,,,,0,0,0,1,1,0,0,1,1
176,S100UTD4,E03407,27670,2011001042870,円谷フィールズホールディングス株式会社,,010,043A01,170,,,2024-11-20 11:12,訂正半期報告書－第37期(2024/04/01－2025/03/31),,,,,S100URN2,,0,0,0,1,1,0,0,1,1
177,S100UTDB,E03407,27670,2011001042870,円谷フィールズホールディングス株式会社,,010,042200,135,,,2024-11-20 11:16,確認書,,,,,S100UTD4,,0,0,0,0,1,0,0,0,1
178,S100UTDJ,E03810,,6010001074037,野村證券株式会社,,060,030002,350,,,2024-11-20 11:28,変更報告書（特例対象株券等）,E02060,,,,S100P7PT,,0,0,0,1,1,1,0,1,1
179,S100UT1X,E03810,,6010001074037,野村證券株式会社,,060,010002,350,,,2024-11-20 11:28,変更報告書,E02109,,,,S100S25T,,0,0,0,1,1,1,0,1,1
180,S100UTDE,E08844,,,石原　卓児,,060,010002,350,,,2024-11-20 11:35,変更報告書,E03416,,,,,,0,0,0,1,1,1,0,1,1
181,S100UTDN,E03810,,6010001074037,野村證券株式会社,,060,030002,350,,,2024-11-20 11:49,変更報告書（特例対象株券等）,E04236,,,,,,0,0,0,1,1,1,0,1,1
182,S100UT8E,E06264,,6010001098507,ＪＰモルガン・アセット・マネジメント株式会社,,060,030000,350,,,2024-11-20 11:50,大量保有報告書（特例対象株券等）,E02123,,,,,,0,0,0,1,1,1,0,1,1
183,S100UT8F,E06264,,6010001098507,ＪＰモルガン・アセット・マネジメント株式会社,,060,030002,350,,,2024-11-20 11:52,変更報告書（特例対象株券等）,E36190,,,,S100RVE8,,0,0,0,1,1,1,0,1,1
184,S100USV2,E09681,,,澤田　秀雄,,060,010002,350,,,2024-11-20 11:57,変更報告書,E03770,,,,,,0,0,0,1,1,0,0,1,1
185,S100UTD5,E37678,,,Ｓｅａｃａｓｔｌｅ　Ｓｉｎｇａｐｏｒｅ　Ｐｔｅ．Ｌｔｄ,,060,090001,360,,,2024-11-20 12:08,訂正報告書（大量保有報告書・変更報告書）,E03740,,,,S100SRWS,,0,0,0,1,1,0,0,1,1
186,S100UTDX,E37678,,,Ｓｅａｃａｓｔｌｅ　Ｓｉｎｇａｐｏｒｅ　Ｐｔｅ．Ｌｔｄ,,060,090001,360,,,2024-11-20 12:12,訂正報告書（大量保有報告書・変更報告書）,E03740,,,,S100SZ6U,,0,0,0,1,1,0,0,1,1
187,S100UTDV,E03626,,6010001008770,三菱ＵＦＪ信託銀行株式会社,G08003,030,06I001,130,,,2024-11-20 12:16,訂正有価証券報告書（内国信託受益証券等）－第14期(2023/01/21－2024/01/20)【みなし訂正有価証券届出書】,,,,,S100TASK,,0,0,0,0,1,1,0,0,1
188,S100UTDZ,E37678,,,Ｓｅａｃａｓｔｌｅ　Ｓｉｎｇａｐｏｒｅ　Ｐｔｅ．Ｌｔｄ,,060,090001,360,,,2024-11-20 12:16,訂正報告書（大量保有報告書・変更報告書）,E03740,,,,S100SZYY,,0,0,0,1,1,0,0,1,1
189,S100UTDY,E37678,,,Ｓｅａｃａｓｔｌｅ　Ｓｉｎｇａｐｏｒｅ　Ｐｔｅ．Ｌｔｄ,,060,090001,360,,,2024-11-20 12:18,訂正報告書（大量保有報告書・変更報告書）,E03740,,,,S100T0YH,,0,0,0,1,1,0,0,1,1
190,S100UTE0,E37678,,,Ｓｅａｃａｓｔｌｅ　Ｓｉｎｇａｐｏｒｅ　Ｐｔｅ．Ｌｔｄ,,060,090001,360,,,2024-11-20 12:19,訂正報告書（大量保有報告書・変更報告書）,E03740,,,,S100T2SX,,0,0,0,1,1,0,0,1,1
191,S100UTE2,E37678,,,Ｓｅａｃａｓｔｌｅ　Ｓｉｎｇａｐｏｒｅ　Ｐｔｅ．Ｌｔｄ,,060,090001,360,,,2024-11-20 12:23,訂正報告書（大量保有報告書・変更報告書）,E03740,,,,S100T87X,,0,0,0,1,1,0,0,1,1
192,S100UTE1,E37678,,,Ｓｅａｃａｓｔｌｅ　Ｓｉｎｇａｐｏｒｅ　Ｐｔｅ．Ｌｔｄ,,060,090001,360,,,2024-11-20 12:25,訂正報告書（大量保有報告書・変更報告書）,E03740,,,,S100T936,,0,0,0,1,1,0,0,1,1
193,S100UTE5,E37678,,,Ｓｅａｃａｓｔｌｅ　Ｓｉｎｇａｐｏｒｅ　Ｐｔｅ．Ｌｔｄ,,060,090001,360,,,2024-11-20 12:27,訂正報告書（大量保有報告書・変更報告書）,E03740,,,,S100T9VE,,0,0,0,1,1,0,0,1,1
194,S100UTE6,E37678,,,Ｓｅａｃａｓｔｌｅ　Ｓｉｎｇａｐｏｒｅ　Ｐｔｅ．Ｌｔｄ,,060,090001,360,,,2024-11-20 12:29,訂正報告書（大量保有報告書・変更報告書）,E03740,,,,S100TGEW,,0,0,0,1,1,0,0,1,1
195,S100UTE7,E37678,,,Ｓｅａｃａｓｔｌｅ　Ｓｉｎｇａｐｏｒｅ　Ｐｔｅ．Ｌｔｄ,,060,090001,360,,,2024-11-20 12:31,訂正報告書（大量保有報告書・変更報告書）,E03740,,,,S100TOHP,,0,0,0,1,1,0,0,1,1
196,S100UTE9,E37678,,,Ｓｅａｃａｓｔｌｅ　Ｓｉｎｇａｐｏｒｅ　Ｐｔｅ．Ｌｔｄ,,060,090001,360,,,2024-11-20 12:34,訂正報告書（大量保有報告書・変更報告書）,E03740,,,,S100TW2I,,0,0,0,1,1,0,0,1,1
197,S100UTE8,E03810,,6010001074037,野村證券株式会社,,060,030002,350,,,2024-11-20 12:34,変更報告書（特例対象株券等）,E00931,,,,S100SZZL,,0,0,0,1,1,1,0,1,1
198,S100UTEB,E37678,,,Ｓｅａｃａｓｔｌｅ　Ｓｉｎｇａｐｏｒｅ　Ｐｔｅ．Ｌｔｄ,,060,090001,360,,,2024-11-20 12:38,訂正報告書（大量保有報告書・変更報告書）,E03740,,,,S100U30D,,0,0,0,1,1,0,0,1,1
199,S100UTEA,E37678,,,Ｓｅａｃａｓｔｌｅ　Ｓｉｎｇａｐｏｒｅ　Ｐｔｅ．Ｌｔｄ,,060,090001,360,,,2024-11-20 12:39,訂正報告書（大量保有報告書・変更報告書）,E03740,,,,S100U94C,,0,0,0,1,1,0,0,1,1
200,S100UTEI,E37678,,,Ｓｅａｃａｓｔｌｅ　Ｓｉｎｇａｐｏｒｅ　Ｐｔｅ．Ｌｔｄ,,060,090001,360,,,2024-11-20 12:48,訂正報告書（大量保有報告書・変更報告書）,E03740,,,,S100U96Q,,0,0,0,1,1,0,0,1,1
201,S100UTED,E37678,,,Ｓｅａｃａｓｔｌｅ　Ｓｉｎｇａｐｏｒｅ　Ｐｔｅ．Ｌｔｄ,,060,090001,360,,,2024-11-20 12:48,訂正報告書（大量保有報告書・変更報告書）,E03740,,,,S100U963,,0,0,0,1,1,0,0,1,1
202,S100UTEL,E37678,,,Ｓｅａｃａｓｔｌｅ　Ｓｉｎｇａｐｏｒｅ　Ｐｔｅ．Ｌｔｄ,,060,090001,360,,,2024-11-20 12:53,訂正報告書（大量保有報告書・変更報告書）,E03740,,,,S100UBV3,,0,0,0,1,1,0,0,1,1
203,S100UTEM,E37678,,,Ｓｅａｃａｓｔｌｅ　Ｓｉｎｇａｐｏｒｅ　Ｐｔｅ．Ｌｔｄ,,060,090001,360,,,2024-11-20 12:56,訂正報告書（大量保有報告書・変更報告書）,E03740,,,,S100UFGA,,0,0,0,1,1,0,0,1,1
204,S100UTEH,E03847,87660,7010001078061,東京海上ホールディングス株式会社,,040,020000,240,,,2024-11-20 12:56,公開買付届出書,,E38017,,,,,0,0,0,1,1,1,0,1,1
205,S100UTEJ,E37678,,,Ｓｅａｃａｓｔｌｅ　Ｓｉｎｇａｐｏｒｅ　Ｐｔｅ．Ｌｔｄ,,060,090001,360,,,2024-11-20 12:56,訂正報告書（大量保有報告書・変更報告書）,E03740,,,,S100UPSL,,0,0,0,1,1,0,0,1,1
206,S100UTEK,E37678,,,Ｓｅａｃａｓｔｌｅ　Ｓｉｎｇａｐｏｒｅ　Ｐｔｅ．Ｌｔｄ,,060,090001,360,,,2024-11-20 12:56,訂正報告書（大量保有報告書・変更報告書）,E03740,,,,S100UGC9,,0,0,0,1,1,0,0,1,1
207,S100USMQ,E22357,,,横田　大輔,,060,010002,350,,,2024-11-20 13:08,変更報告書,E02390,,,,,,0,0,0,1,1,0,0,1,1
208,S100UTEQ,E38017,91610,6010001236685,ＩＤ＆Ｅホールディングス株式会社,,040,040000,290,,,2024-11-20 13:12,意見表明報告書,,E03847,,,S100UTEH,,0,0,0,1,1,0,0,1,1
209,S100UOH0,E25961,,,出原　正博,,060,010002,350,,,2024-11-20 13:17,変更報告書,E00607,,,,,,0,0,0,1,1,1,0,1,1
210,S100UTBQ,E39369,,,片石　貴展,,060,010002,350,,,2024-11-20 13:20,変更報告書,E39222,,,,,,0,0,0,1,1,1,0,1,1
211,S100UTEP,E37678,,,Ｓｅａｃａｓｔｌｅ　Ｓｉｎｇａｐｏｒｅ　Ｐｔｅ．Ｌｔｄ,,060,010002,350,,,2024-11-20 13:21,変更報告書,E03740,,,,,,0,0,0,1,1,0,0,1,1
212,S100UT7Z,E05951,93990,,ビート・ホールディングス・リミテッド　（貝德控股有限公司、Ｂｅａｔ　Ｈｏｌｄｉｎｇｓ　Ｌｉｍｉｔｅｄ）,,010,102000,180,,,2024-11-20 13:31,臨時報告書,,,,,,,0,0,0,0,1,1,0,0,1
213,S100UTEY,E37678,,,Ｓｅａｃａｓｔｌｅ　Ｓｉｎｇａｐｏｒｅ　Ｐｔｅ．Ｌｔｄ,,060,010002,350,,,2024-11-20 13:36,変更報告書,E03740,,,,,,0,0,0,1,1,0,0,1,1
214,S100UR27,E01737,65010,7010001008844,株式会社日立製作所,,060,010002,350,,,2024-11-20 13:37,変更報告書,E01760,,,,S100TL3S,,0,0,0,1,1,0,0,1,1
215,S100UT9X,E03557,83370,9040001000020,株式会社千葉興業銀行,,010,043A00,160,2024-04-01,2025-03-31,2024-11-20 14:00,半期報告書－第103期(2024/04/01－2025/03/31),,,,,,,0,0,0,1,1,0,0,1,1
216,S100UT79,E03557,83370,9040001000020,株式会社千葉興業銀行,,010,042000,135,,,2024-11-20 14:01,確認書,,,,,,,0,0,0,0,1,0,0,0,1
217,S100UTF5,E37678,,,Ｓｅａｃａｓｔｌｅ　Ｓｉｎｇａｐｏｒｅ　Ｐｔｅ．Ｌｔｄ,,060,010002,350,,,2024-11-20 14:05,変更報告書,E03740,,,,,,0,0,0,1,1,0,0,1,1
218,S100UTEZ,E06133,,,ブランデス・インベストメント・パートナーズ・エル・ピー,,060,030002,350,,,2024-11-20 14:07,変更報告書（特例対象株券等）,E01841,,,,S100NZYW,,0,0,0,1,1,1,0,1,1
219,S100UTF2,E06133,,,ブランデス・インベストメント・パートナーズ・エル・ピー,,060,030002,350,,,2024-11-20 14:08,変更報告書（特例対象株券等）,E00967,,,,S100SHXY,,0,0,0,1,1,1,0,1,1
220,S100UTFG,E03810,,6010001074037,野村證券株式会社,,060,030002,350,,,2024-11-20 14:10,変更報告書（特例対象株券等）,E35096,,,,S100QEVF,,0,0,0,1,1,1,0,1,1
221,S100UTC6,E02958,27680,5010401049977,双日株式会社,,010,110000,080,,,2024-11-20 14:13,発行登録書（株券､社債券等）,,,,,,,0,0,0,1,1,1,0,1,1
222,S100UTF7,E36549,,,ＣＡＮＴＯＲ　ＦＩＴＺＧＥＲＡＬＤ　ＥＵＲＯＰＥ,,060,010002,350,,,2024-11-20 14:15,変更報告書,E05707,,,,,,0,0,0,1,1,1,0,1,1
223,S100UT1P,E01542,63610,1010801001748,株式会社荏原製作所,,010,110000,080,,,2024-11-20 14:17,発行登録書（株券､社債券等）,,,,,,,0,0,0,1,1,1,0,1,1
224,S100UTFR,E03810,,6010001074037,野村證券株式会社,,060,030002,350,,,2024-11-20 14:17,変更報告書（特例対象株券等）,E01223,,,,S100TO77,,0,0,0,1,1,1,0,1,1
225,S100UTFO,E05544,24670,5010001067297,株式会社バルクホールディングス,,010,053000,180,,,2024-11-20 14:23,臨時報告書,,,,"第19条第2項第12号,第19条第2項第19号",,,0,0,0,1,1,0,0,1,1
226,S100UTF0,E03810,,6010001074037,野村證券株式会社,,060,010002,350,,,2024-11-20 14:24,変更報告書,E01481,,,,S100SIJ4,,0,0,0,1,1,1,0,1,1
227,S100UTG3,E03810,,6010001074037,野村證券株式会社,,060,030002,350,,,2024-11-20 14:36,変更報告書（特例対象株券等）,E01264,,,,S100RW7Z,,0,0,0,1,1,1,0,1,1
228,S100UTG8,E03810,,6010001074037,野村證券株式会社,,060,030002,350,,,2024-11-20 14:47,変更報告書（特例対象株券等）,E01333,,,,S100N0AD,,0,0,0,1,1,1,0,1,1
229,S100UPN4,E01907,69980,7290001015268,日本タングステン株式会社,,010,043A00,160,2024-04-01,2025-03-31,2024-11-14 09:15,半期報告書－第114期(2024/04/01－2025/03/31),,,,,,2024-11-20 14:54,0,1,0,1,1,0,0,1,1
230,S100UR3J,E32420,35420,9290001052160,株式会社ベガコーポレーション,,010,043A00,160,2024-04-01,2025-03-31,2024-11-14 15:30,半期報告書－第21期(2024/04/01－2025/03/31),,,,,,2024-11-20 14:55,0,1,0,1,1,0,0,1,1
231,S100USCE,E32801,65390,9120001111949,株式会社ＭＳ－Ｊａｐａｎ,,010,043A00,160,2024-04-01,2025-03-31,2024-11-14 14:48,半期報告書－第35期(2024/04/01－2025/03/31),,,,,,2024-11-20 14:56,0,1,0,1,1,0,0,1,1
232,S100US0A,E33535,14430,2011301023802,技研ホールディングス株式会社,,010,043A00,160,2024-04-01,2025-03-31,2024-11-14 16:02,半期報告書－第8期(2024/04/01－2025/03/31),,,,,,2024-11-20 14:57,0,1,0,1,1,0,0,1,1
233,S100UTGA,E37201,,,林雅之,,060,090001,360,,,2024-11-20 14:58,訂正報告書（大量保有報告書・変更報告書）,E37159,,,,S100UT2G,,0,0,0,1,1,1,0,1,1
234,S100UR3I,E33819,34890,6013201013986,株式会社フェイスネットワーク,,010,043A00,160,2024-04-01,2025-03-31,2024-11-14 15:37,半期報告書－第24期(2024/04/01－2025/03/31),,,,,,2024-11-20 14:58,0,1,0,1,1,0,0,1,1
235,S100UT5U,E39756,,3011103004371,合同会社シーディーワン,,060,010000,350,,,2024-11-20 14:58,大量保有報告書,E05601,,,,,,0,0,0,1,1,0,0,1,1
236,S100UMSH,E34052,43880,8010001127602,株式会社エーアイ,,010,043A00,160,2024-04-01,2025-03-31,2024-11-07 15:37,半期報告書－第22期(2024/04/01－2025/03/31),,,,,,2024-11-20 14:59,0,1,0,1,1,0,0,1,1
237,S100URHZ,E04123,90330,9240001009470,広島電鉄株式会社,,010,043A00,160,2024-04-01,2025-03-31,2024-11-13 15:19,半期報告書－第116期(2024/04/01－2025/03/31),,,,,,2024-11-20 15:00,0,1,0,1,1,0,0,1,1
238,S100UTCT,E04791,,5010401072079,三井住友ファイナンス＆リース株式会社,,010,053000,180,,,2024-11-20 15:00,臨時報告書,,,,第19条第2項第18号,,,0,0,0,1,1,0,0,1,1
239,S100UTBJ,E04791,,5010401072079,三井住友ファイナンス＆リース株式会社,,010,113001,090,,,2024-11-20 15:02,訂正発行登録書,,,,,S100U6TR,,0,0,0,0,1,0,0,0,1
240,S100UTGF,E03810,,6010001074037,野村證券株式会社,,060,030002,350,,,2024-11-20 15:18,変更報告書（特例対象株券等）,E01334,,,,,,0,0,0,1,1,1,0,1,1
241,S100UTGH,E38373,52410,7010001006022,株式会社日本オーエー研究所,,010,024000,030,,,2024-11-20 15:21,有価証券届出書（新規公開時）,,,,,,,0,0,0,1,1,1,0,1,1
242,S100UTGO,E03810,,6010001074037,野村證券株式会社,,060,030002,350,,,2024-11-20 15:27,変更報告書（特例対象株券等）,E38761,,,,S100U992,,0,0,0,1,1,1,0,1,1
243,S100UTAY,E33586,44800,4010401082351,株式会社メドレー,,010,053000,180,,,2024-11-20 15:30,臨時報告書,,,,第19条第2項第3号,,,0,0,0,1,1,0,0,1,1
244,S100UTEG,E27062,36680,7011001059638,株式会社コロプラ,,010,030001,130,,,2024-11-20 15:31,訂正有価証券報告書－第15期(2022/10/01－2023/09/30),,,,,S100SJ93,,0,0,0,1,1,0,0,1,1
245,S100UTEO,E27062,36680,7011001059638,株式会社コロプラ,,010,043001,150,,,2024-11-20 15:32,訂正四半期報告書－第16期第1四半期(2023/10/01－2023/12/31),,,,,S100SUYN,,0,0,0,1,1,0,0,1,1
246,S100UTFB,E27062,36680,7011001059638,株式会社コロプラ,,010,043001,150,,,2024-11-20 15:33,訂正四半期報告書－第16期第2四半期(2024/01/01－2024/03/31),,,,,S100TETV,,0,0,0,1,1,0,0,1,1
247,S100UTET,E27062,36680,7011001059638,株式会社コロプラ,,010,053000,180,,,2024-11-20 15:33,臨時報告書,,,,第19条第2項第12号,,,0,0,0,1,1,0,0,1,1
248,S100UTG9,E01841,69860,9040001059420,双葉電子工業株式会社,,010,053000,180,,,2024-11-20 15:39,臨時報告書,,,,第19条第2項第11号,,,0,0,0,1,1,0,0,1,1
249,S100UT6R,E01867,68350,4010701012116,アライドテレシスホールディングス株式会社,,010,053000,180,,,2024-11-20 15:43,臨時報告書,,,,第19条第2項第19号,,,0,0,0,1,1,0,0,1,1
250,S100UTH2,E27062,36680,7011001059638,株式会社コロプラ,,010,042100,135,,,2024-11-20 15:43,確認書,,,,,S100UTEG,,0,0,0,0,1,0,0,0,1
251,S100UTH5,E27062,36680,7011001059638,株式会社コロプラ,,010,042300,135,,,2024-11-20 15:46,確認書,,,,,S100UTEO,,0,0,0,0,1,0,0,0,1
252,S100UTH7,E27062,36680,7011001059638,株式会社コロプラ,,010,042300,135,,,2024-11-20 15:48,確認書,,,,,S100UTFB,,0,0,0,0,1,0,0,0,1
253,S100UTCF,E01735,62540,2021001020322,野村マイクロ・サイエンス株式会社,,010,053001,190,,,2024-11-20 15:53,訂正臨時報告書,,,,第19条第2項第2号の2,S100UJAF,,0,0,0,1,1,0,0,1,1
254,S100USG1,E35239,,2010001143423,光通信株式会社,,060,010000,350,,,2024-11-20 15:55,大量保有報告書,E05466,,,,,,0,0,0,1,1,1,0,1,1
255,S100UTAQ,E39373,,9010001234777,ＴＣＳホールディングス株式会社,,060,010002,350,,,2024-11-20 16:03,変更報告書,E02305,,,,S100SNY0,,0,0,0,1,1,1,0,1,1
256,S100USUI,E24211,,,重田　光時,,060,010002,350,,,2024-11-20 16:04,変更報告書,E04353,,,,,,0,0,0,1,1,1,0,1,1
257,S100UTHG,E02083,67210,3020001025396,ウインテスト株式会社,,010,022001,040,,,2024-11-20 16:11,訂正有価証券届出書（組込方式）,,,,,S100UM07,,0,0,0,1,1,1,0,1,1
258,S100UTHC,E37004,,2010101010903,株式会社ＣＡＲＰＥ　ＤＩＥＭ,,060,010002,350,,,2024-11-20 16:32,変更報告書,E33393,,,,S100U6GJ,,0,0,0,1,1,0,0,1,1
259,S100UTHL,E30567,,9010401102237,アスパラントグループ株式会社,,060,090001,360,,,2024-11-20 16:32,訂正報告書（大量保有報告書・変更報告書）,E39126,,,,S100UT8G,,0,0,0,1,1,0,0,1,1
260,S100UT7J,E09096,,9010001125976,ブラックロック・ジャパン株式会社,,060,030002,350,,,2024-11-20 16:33,変更報告書（特例対象株券等）,E27159,,,,S100D8U5,,0,0,0,1,1,1,0,1,1
261,S100UT7K,E09096,,9010001125976,ブラックロック・ジャパン株式会社,,060,030000,350,,,2024-11-20 16:34,大量保有報告書（特例対象株券等）,E31030,,,,,,0,0,0,1,1,1,0,1,1
262,S100UT7L,E09096,,9010001125976,ブラックロック・ジャパン株式会社,,060,030000,350,,,2024-11-20 16:34,大量保有報告書（特例対象株券等）,E01502,,,,,,0,0,0,1,1,1,0,1,1
263,S100UT7M,E09096,,9010001125976,ブラックロック・ジャパン株式会社,,060,030002,350,,,2024-11-20 16:35,変更報告書（特例対象株券等）,E37978,,,,S100UJPG,,0,0,0,1,1,1,0,1,1
264,S100UT1Y,E31457,,,森　雅弘,,060,010002,350,,,2024-11-20 16:36,変更報告書,E27894,,,,,,0,0,0,1,1,0,0,1,1
265,S100UT14,E31458,,,永田　豊志,,060,010002,350,,,2024-11-20 16:38,変更報告書,E27894,,,,,,0,0,0,1,1,0,0,1,1
266,S100UTEU,E36843,,,久保　努,,060,010002,350,,,2024-11-20 16:41,変更報告書,E36708,,,,S100M1MM,,0,0,0,1,1,1,0,1,1
267,S100UT24,E37471,,5010401076220,株式会社玉光堂,,060,010002,350,,,2024-11-20 16:46,変更報告書,E33868,,,,S100UHQW,,0,0,0,1,1,1,0,1,1
268,S100UTHI,E40040,,2010001246985,ＦＫ株式会社,,040,020000,240,,,2024-11-20 16:55,公開買付届出書,,E04810,,,,,0,0,0,1,1,1,0,1,1
269,S100UTI4,E04810,97490,2020001043507,富士ソフト株式会社,,040,040000,290,,,2024-11-20 17:04,意見表明報告書,,E40040,,,S100UTHI,,0,0,0,1,1,0,0,1,1
270,S100UST3,E31696,,4180001002965,株式会社マミ,,060,010002,350,,,2024-11-20 17:13,変更報告書,E31560,,,,,,0,0,0,1,1,1,0,1,1
