edinetCode,secCode,JCN,filerName,count
E12460,,7010001054021,野村アセットマネジメント株式会社,350
E06748,,2010001049257,大和アセットマネジメント株式会社,328
E11518,,9010001034450,三菱ＵＦＪ国際投信株式会社,277
E10677,,9010001021473,アセットマネジメントＯｎｅ株式会社,276
E12444,,8010001114914,三井住友トラスト・アセットマネジメント株式会社,235
E08957,,4010401049128,三井住友ＤＳアセットマネジメント株式会社,216
E12430,,8010401072159,日興アセットマネジメント株式会社,140
E03810,,6010001074037,野村證券株式会社,110
E12453,,9010001025953,ニッセイアセットマネジメント株式会社,87
E12481,,1010401025734,フィデリティ投信株式会社,77
E03627,,2010001146005,三井住友信託銀行株式会社,73
E12441,,3010001062358,岡三アセットマネジメント株式会社,73
E03606,83060,4010001073486,株式会社三菱ＵＦＪフィナンシャル・グループ,62
E05982,,,バークレイズ・バンク・ピーエルシー,53
E12448,,8010401040306,明治安田アセットマネジメント株式会社,48
E09096,,9010001125976,ブラックロック・ジャパン株式会社,48
E06264,,6010001098507,ＪＰモルガン・アセット・マネジメント株式会社,44
E09666,,9010001062807,アムンディ・ジャパン株式会社,44
E26704,,6010001141324,カレラアセットマネジメント株式会社,41
E15787,,1010701021680,楽天投信投資顧問株式会社,39
E12434,,7010001031160,ＳＯＭＰＯアセットマネジメント株式会社,39
E10439,,4010001027269,ピクテ・ジャパン株式会社,38
E03532,,6010001008845,株式会社みずほ銀行,33
E12473,,4010001031576,ＵＢＳアセット・マネジメント株式会社,32
E12208,,,ＦＭＲ　ＬＬＣ,31
E12437,,8010001011855,パインブリッジ・インベストメンツ株式会社,29
E03759,,7010001008687,みずほ証券株式会社,28
E12492,,3010001124868,ＨＳＢＣアセットマネジメント株式会社,27
E12422,,4010001046310,しんきんアセットマネジメント投信株式会社,27
E32108,39310,1010401055616,株式会社バリューゴルフ,27
E06433,,3010001034076,東京海上アセットマネジメント株式会社,26
E32011,,5010601048309,りそなアセットマネジメント株式会社,26
E05835,,,ソシエテ・ジェネラル,25
E11943,,,Ｅｖｏ　Ｆｕｎｄ,24
E12457,,8010401009945,ゴールドマン・サックス・アセット・マネジメント株式会社,23
E23615,,7010001125714,ＳＭＢＣ日興証券株式会社,23
E03626,,6010001008770,三菱ＵＦＪ信託銀行株式会社,23
E06479,,7010401061146,インベスコ・アセット・マネジメント株式会社,22
E14415,,2010001066608,シンプレクス・アセット・マネジメント株式会社,22
E06485,,7010001054021,野村アセットマネジメント株式会社,22
E13447,,2010401045054,ＳＢＩアセットマネジメント株式会社,20
E11852,,,エフィッシモ　キャピタル　マネージメント　ピーティーイー　エルティーディー（Ｅｆｆｉｓｓｉｍｏ　Ｃａｐｉｔａｌ　Ｍａｎａｇｅｍｅｎｔ　Ｐｔｅ　Ｌｔｄ）,20
E12586,,6010001077097,シュローダー・インベストメント・マネジメント株式会社,20
E06458,,6010001024529,ドイチェ・アセット・マネジメント株式会社,20
E12447,,9011301011486,朝日ライフ　アセットマネジメント株式会社,20
E13343,,8010001040648,ＢＮＹメロン・インベストメント・マネジメント・ジャパン株式会社,19
E12963,,2010401034817,ステート・ストリート・グローバル・アドバイザーズ株式会社,19
E35239,,2010001143423,光通信株式会社,19
E11161,,5010701017007,スパークス・アセット・マネジメント株式会社,18
E30703,,1010001106942,マニュライフ・インベストメント・マネジメント株式会社,18
E12425,,5010001048652,フランクリン・テンプルトン・ジャパン株式会社,18
E03816,,3010401049814,株式会社ＳＢＩ証券,17
E06267,,,キャピタル・リサーチ・アンド・マネージメント・カンパニー,17
E12882,,7010001054095,農林中金全共連アセットマネジメント株式会社,16
E11764,,1010401064261,Ｔ＆Ｄアセットマネジメント株式会社,16
E14843,,,グローバル・ファンズ・マネジメント・エス・エー,16
E33344,,9310002010230,合同会社塩井興産,16
E10802,,2011001046046,モルガン・スタンレーＭＵＦＧ証券株式会社,15
E33958,,2010001185795,ティー・ロウ・プライス・ジャパン株式会社,15
E14703,,8010001014858,キャピタル・インターナショナル株式会社,14
E23594,,,マッコーリー　バンク　リミテッド,14
E32444,,4010001170135,マネックス・アセットマネジメント株式会社,14
E12566,,2010001066780,イーストスプリング・インベストメンツ株式会社,13
E31277,,3010401056026,ユナイテッド・マネージャーズ・ジャパン株式会社,13
E01244,54860,3010401038783,日立金属株式会社,13
E03400,27520,2120001093715,株式会社フジオフードグループ本社,13
E25830,,,クレディ・アグリコル・コーポレート・アンド・インベストメント・バンク,12
E24872,,,シルチェスター・インターナショナル・インベスターズ・エルエルピー,12
E10227,,9010401045023,ＳＢＩインベストメント株式会社,12
E12480,,7010001010313,アライアンス・バーンスタイン株式会社,12
E10840,,,塩井　辰男,12
E14601,,2010401079382,ＰａｙＰａｙアセットマネジメント株式会社,11
E30829,,,Ｊ．Ｐ．モルガン・マンサール・マネジメント・リミテッド,11
E31560,77800,7180001017589,株式会社メニコン,11
E30058,45880,4010401053237,オンコリスバイオファーマ株式会社,10
E35393,,1010401082024,株式会社シティインデックスイレブンス,10
E12450,,6010401037394,ラッセル・インベストメント株式会社,10
E03617,,5010001008813,株式会社三井住友銀行,10
E05062,43070,4010001054032,株式会社野村総合研究所,10
E21322,,7010401060899,株式会社トライステージ,10
E02498,80020,9010001008776,丸紅株式会社,10
E21902,22690,9010001123947,明治ホールディングス株式会社,10
E31851,45940,8290001050314,ブライトパス・バイオ株式会社,10
E01511,61580,2200001025263,株式会社和井田製作所,10
E01986,69320,3120001041581,株式会社遠藤照明,10
E00791,41020,5140001035506,丸尾カルシウム株式会社,10
E02889,75930,5180001094556,ＶＴホールディングス株式会社,9
E02492,78210,6210001003710,前田工繊株式会社,9
E36069,,,Ｌｏｎｇ　Ｃｏｒｒｉｄｏｒ　Ａｓｓｅｔ　Ｍａｎａｇｅｍｅｎｔ　Ｌｉｍｉｔｅｄ,9
E33868,65730,6011001056801,アジャイルメディア・ネットワーク株式会社,9
E37863,,7170001007450,株式会社三原色,9
E21671,,1010001082655,レオス・キャピタルワークス株式会社,8
E09037,,2010401050707,株式会社ウィズ・パートナーズ,8
E05716,21640,6040001020962,株式会社地域新聞社,8
E34225,43970,1010001116826,株式会社チームスピリット,8
E15214,,,ＢＮＹメロン・インターナショナル・マネジメント・リミテッド,8
E31555,,,中島　義兼,8
E36968,92490,8180001084777,日本エコシステム株式会社,8
E27325,,6011001091831,株式会社ストラテジックキャピタル,7
E38211,,,青柳　和洋,7
E11198,,9010401059056,ゴールドマン・サックス証券株式会社,7
E05159,84730,6010401045208,ＳＢＩホールディングス株式会社,7
E27280,36720,6011001065018,株式会社オルトプラス,7
E27917,,3010001124760,ファイブスター投信投資顧問株式会社,7
E03217,99830,9250001000684,株式会社ファーストリテイリング,7
E34363,78050,9340001008231,プリントネット株式会社,7
E05181,94460,4180001034595,株式会社サカイホールディングス,7
E33807,92700,6120001168182,バリュエンスホールディングス株式会社,7
E04848,96990,8120001086432,西尾レントオール株式会社,7
E34289,34980,3370103000741,霞ヶ関キャピタル株式会社,7
E31774,,6140001011258,明海興産株式会社,7
E30856,36910,8011001045298,株式会社デジタルプラス,7
E02672,81510,8010001051991,株式会社東陽テクニカ,7
E27230,,1010005019769,日本プロロジスリート投資法人,7
E02576,28740,1020001030638,横浜冷凍株式会社,7
E36733,43760,5010401163051,株式会社くふうカンパニー,7
E31533,,1020001108566,スカイオーシャン・アセットマネジメント株式会社,7
E05646,24980,5011001048948,株式会社オリエンタルコンサルタンツホールディングス,7
E21649,57240,7380001004435,株式会社アサカ理研,7
E05116,47760,5010001072207,サイボウズ株式会社,7
E30648,60940,2010401092006,株式会社フリークアウト・ホールディングス,7
E35933,,5010001203678,Ｇｌｏｂａｌ　Ｘ　Ｊａｐａｎ株式会社,7
E01955,69650,2080401004193,浜松ホトニクス株式会社,7
E01225,54010,3010001008848,日本製鉄株式会社,6
E31883,,,Ｏａｓｉｓ　Ｍａｎａｇｅｍｅｎｔ　Ｃｏｍｐａｎｙ　Ｌｔｄ．,6
E00722,78700,2220001005602,福島印刷株式会社,6
E02896,76070,2180001000574,株式会社進和,6
E04760,43240,4010401048922,株式会社電通グループ,6
E34352,70410,7011101067961,ＣＲＧホールディングス株式会社,6
E20021,,6010001095702,ＪＰモルガン証券株式会社,6
E34379,70420,5010401081443,株式会社アクセスグループ・ホールディングス,6
E04691,96790,9010001108279,ホウライ株式会社,6
E35150,44750,2011001034562,ＨＥＮＮＧＥ株式会社,6
E05395,37260,7290001032701,株式会社フォーシーズＨＤ,6
E03471,30460,7070001001538,株式会社ジンズホールディングス,6
E05871,,,モルガン・スタンレー,6
E14714,,2010001090483,キャピタル　アセットマネジメント株式会社,6
E03538,,6120001076393,株式会社りそな銀行,6
E03850,,3010401050012,共栄火災海上保険株式会社,6
E09111,,,ベイリー・ギフォード・アンド・カンパニー,6
E02497,80010,7120001077358,伊藤忠商事株式会社,6
E06234,,9010401034513,タワー投資顧問株式会社,6
E33598,39990,5010401098909,ナレッジスイート株式会社,6
E05633,38140,1250001002936,株式会社アルファクス・フード・システム,6
E03628,,9010001034962,みずほ信託銀行株式会社,6
E04791,,5010401072079,三井住友ファイナンス＆リース株式会社,6
E32397,61990,1011101032087,株式会社セラク,6
E30969,36970,8010401073462,株式会社ＳＨＩＦＴ,6
E14984,,,インターナショナル・マネジメント・サービシズ・リミテッド,6
E00311,89040,8180001036547,株式会社ＡＶＡＮＴＩＡ,6
E24651,71480,3010001086522,株式会社ＦＰＧ,6
E35508,70910,4430001059195,株式会社リビングプラットフォーム,6
E09537,,,藤井　修逸,6
E32766,39700,5011001035806,株式会社イノベーション,6
E34944,29740,4290801010181,大英産業株式会社,6
E24991,49280,3140001034179,株式会社ノエビアホールディングス,6
E31678,,9010601038669,ちばぎんアセットマネジメント株式会社,6
E05419,24100,8010401008039,株式会社キャリアデザインセンター,6
E32909,,2010001155055,株式会社お金のデザイン,6
E14235,,9010001132378,ＴＯＲＡＮＯＴＥＣ投信投資顧問株式会社,6
E01301,57270,7021001007190,東邦チタニウム株式会社,6
E21391,32640,7011101028617,株式会社アスコット,6
E36635,40710,9010401068115,株式会社プラスアルファ・コンサルティング,6
E34095,14460,6010001162361,株式会社キャンディル,6
E05821,17730,,ワイ・ティー・エル・コーポレーション・バーハッド,6
E02858,75270,7290001017693,株式会社システムソフト,6
E05169,48290,3011001033976,日本エンタープライズ株式会社,6
E04978,46640,8013301006491,株式会社アール・エス・シー,6
E35316,,,山川　雅之,6
E24736,,,ウエスタン・アセット・マネジメント・カンパニー・リミテッド,6
E22200,,,シティグループ・ファースト・インベストメント・マネジメント・リミテッド,6
E33000,35630,8120901035199,株式会社ＦＯＯＤ　＆　ＬＩＦＥ　ＣＯＭＰＡＮＩＥＳ,6
E02470,78390,5010501005434,株式会社ＳＨＯＥＩ,6
E01833,,3010701003801,株式会社サンコーシヤ,6
E05510,37770,9010501033506,株式会社ＦＨＴホールディングス,6
E24347,,7010005014863,アドバンス・レジデンス投資法人,6
E34973,41650,7010401096035,株式会社プレイド,5
E04147,90200,9011001029597,東日本旅客鉄道株式会社,5
E13678,,8010005006554,グローバル・ワン不動産投資法人,5
E31441,34580,7010001129517,株式会社シーアールイー,5
E26703,36650,8010401088452,株式会社エニグモ,5
E35979,,,Ｎａｔｉｏｎａｌ　Ｉｎｄｅｍｎｉｔｙ　Ｃｏｍｐａｎｙ,5
E35157,70720,4010001154311,株式会社インティメート・マージャー,5
E33997,,,竹林　俊介,5
E04221,90360,9020001023915,東部ネットワーク株式会社,5
E00723,94760,1010001022710,株式会社中央経済社ホールディングス,5
E34539,,,ハイツ・キャピタル・マネジメント・インク,5
E02340,77300,4060001005922,マニー株式会社,5
E31776,61760,4011001035708,株式会社ブランジスタ,5
E15786,,2120001113885,クローバー・アセットマネジメント株式会社,5
E15692,,,ビザ・インク（Ｖｉｓａ　Ｉｎｃ．）,5
E37833,50360,4010401041588,日本ビジネスシステムズ株式会社,5
E36661,41990,3180001106874,ワンダープラネット株式会社,5
E05622,38150,6010401040811,株式会社メディア工房,5
E24998,36470,7010401094468,株式会社ジー・スリーホールディングス,5
E03611,83090,9010001139555,三井住友トラスト・ホールディングス株式会社,5
E36070,40150,7010401068488,アララ株式会社,5
E37098,92520,2010001147267,株式会社ラストワンマイル,5
E02092,66680,2240001029764,株式会社アドテックプラズマテクノロジー,5
E26579,31740,4040001063955,株式会社ハピネス・アンド・ディ,5
E33040,39850,4010601036512,テモナ株式会社,5
E05268,43460,1011001017948,株式会社ネクシィーズグループ,5
E03305,75810,8030001065552,株式会社サイゼリヤ,5
E38205,,9010901033015,株式会社スマートドライブ,5
E34739,44400,9180001045035,株式会社ヴィッツ,5
E31734,,,ＣＴ　ＢＲＩＧＨＴ　ＨＯＬＤＩＮＧＳ　ＬＩＭＩＴＥＤ,5
E32255,,,Ｂｌａｃｋ　Ｃｌｏｖｅｒ　Ｌｉｍｉｔｅｄ,5
E05409,24040,5013201010877,株式会社鉄人化計画,5
E30992,,,ルクセンブルク三菱ＵＦＪインベスターサービス銀行Ｓ．Ａ．,5
E34254,,3010001188789,ａｕアセットマネジメント株式会社,5
E14837,,,アライアンス・バーンスタインＳＩＣＡＶ,5
E32220,61920,8010401064032,ハイアス・アンド・カンパニー株式会社,5
E36795,43700,6010401095847,モビルス株式会社,5
E36351,41760,9010701026061,株式会社ココナラ,5
E01064,29270,3080001005054,株式会社ＡＦＣ－ＨＤアムスライフサイエンス,5
E36991,29610,8010801009041,日本調理機株式会社,5
E32717,,,尾上　徹,5
E36548,,,ＣＡＮＴＯＲ　ＦＩＴＺＧＥＲＡＬＤ　＆　ＣＯ．,5
E36532,41960,4011001046358,株式会社ネオマーケティング,5
E37252,,6210001000419,株式会社サスティナ,5
E01737,65010,7010001008844,株式会社日立製作所,5
E05624,21200,1010401091628,株式会社ＬＩＦＵＬＬ,5
E33382,41240,2120001149244,大阪油化工業株式会社,5
E05327,23530,8120001093305,日本駐車場開発株式会社,5
E33391,39930,5011101064787,株式会社ＰＫＳＨＡ　Ｔｅｃｈｎｏｌｏｇｙ,5
E26599,,,ビー・ピー・シー・イー・エス・エー,5
E34792,,,百目鬼　孝一,5
E34497,44240,4011001062405,株式会社Ａｍａｚｉａ,5
E38216,,,寺村　久義,5
E36697,49370,9010901023800,株式会社Ｗａｑｏｏ,5
E03343,76460,5210001007068,株式会社ＰＬＡＮＴ,5
E05292,23090,1010701011418,シミックホールディングス株式会社,5
E05174,88890,4010001078337,ＡＰＡＭＡＮ株式会社,5
E30537,36870,8010701023423,株式会社フィックスターズ,5
E36655,73760,4120001181633,ＢＣＣ株式会社,5
E05509,24530,9180001044664,ジャパンベストレスキューシステム株式会社,5
E31447,,,方　永義,5
E04179,90690,7120001059653,センコーグループホールディングス株式会社,5
E05101,47690,3010701001012,株式会社ＩＣ,5
E35993,73560,7010401090888,Ｒｅｔｔｙ株式会社,5
E22103,,9011101037005,株式会社Ｐｅｒｓｏｎｓ　Ｂｒｉｄｇｅ,5
E02865,75390,9011801005756,株式会社アイナボホールディングス,5
E08556,,,畔柳　誠,5
E35765,40570,9011601012325,株式会社インターファクトリー,5
E02922,26670,9011101002149,株式会社イメージワン,5
E04072,32450,2010001090418,株式会社ディア・ライフ,5
E27842,32880,5011001028165,株式会社オープンハウスグループ,5
E11348,,3010001028755,ベアリングス・ジャパン株式会社,5
E01075,81320,5010401013396,シナネンホールディングス株式会社,5
E00707,94700,7010701021114,株式会社学研ホールディングス,5
E34819,76760,4180001057902,株式会社グッドスピード,5
E36634,,,植島　幹九郎,4
E07251,,,井内　英夫,4
E30454,94140,5010001101469,日本ＢＳ放送株式会社,4
E01975,65940,9130001002387,日本電産株式会社,4
E38163,,3011001051128,株式会社アイズ,4
E33966,43840,9010401089631,ラクスル株式会社,4
E38043,,3011001071811,ｎｏｔｅ株式会社,4
E38168,,4100001004085,株式会社サンクゼール,4
E27652,,2010005020156,星野リゾート・リート投資法人,4
E12390,,,藤澤　信義,4
E09601,,3120001049641,株式会社笹興,4
E30689,,4010001158535,あおぞら投信株式会社,4
E03270,75130,2060001001667,株式会社コジマ,4
E03615,84110,9010001081419,株式会社みずほフィナンシャルグループ,4
E03481,30480,9013301010402,株式会社ビックカメラ,4
E38139,,5010001035717,株式会社アソインターナショナル,4
E36529,,,ＭＩＲＩ　Ｃａｐｉｔａｌ　Ｍａｎａｇｅｍｅｎｔ　ＬＬＣ,4
E04426,94340,9010401052465,ソフトバンク株式会社,4
E02529,80580,5010001008771,三菱商事株式会社,4
E06228,,9010001063235,大和証券株式会社,4
E04981,46680,5011101055381,株式会社明光ネットワークジャパン,4
E20003,,,ＮＯＭＵＲＡ　ＩＮＴＥＲＮＡＴＩＯＮＡＬ　ＰＬＣ,4
E00316,17200,9011001040166,東急建設株式会社,4
E30994,,8010001036852,いちよしアセットマネジメント株式会社,4
E03145,98500,2120001030585,株式会社グルメ杵屋,4
E00246,19970,7050001000351,暁飯島工業株式会社,4
E04911,96130,9010601021385,株式会社エヌ・ティ・ティ・データ,4
E38169,,4011001098069,株式会社ＥＬＥＭＥＮＴＳ,4
E05041,94490,6011001029526,ＧＭＯインターネットグループ株式会社,4
E00600,81270,3120001077584,ヤマトインターナショナル株式会社,4
E13591,,1010001076871,新生インベストメント・マネジメント株式会社,4
E31382,45920,6010601044067,サンバイオ株式会社,4
E03248,74530,5013301012443,株式会社　良品計画,4
E01690,62890,5490001000359,株式会社技研製作所,4
E00327,14070,9240001016913,株式会社ウエストホールディングス,4
E35488,70850,5070001005771,株式会社カーブスホールディングス,4
E37710,,1010401158229,Ｂｅ　Ｂｒａｖｅ株式会社,4
E35234,29990,5080001004715,ホームポジション株式会社,4
E24981,,8180001013562,ミソノサービス株式会社,4
E03531,83040,9010001016861,株式会社あおぞら銀行,4
E03669,85600,6350001001824,株式会社　宮崎太陽銀行,4
E00207,19300,6230001003007,北陸電気工事株式会社,4
E01031,79280,5180301015006,旭化学工業株式会社,4
E35591,,,大橋　健一,4
E02809,74470,5010001025214,ナガイレーベン株式会社,4
E37990,,,山内　規之,4
E23509,,6230001012379,大谷製鉄株式会社,4
E03240,74450,9050001016214,株式会社ライトオン,4
E03392,27360,6310001008798,フェスタリアホールディングス株式会社,4
E03391,27350,4120001106103,株式会社ワッツ,4
E38191,,4010701025456,株式会社ＢＴＭ,4
E38200,,1120001170275,株式会社スマサポ,4
E11998,,,阿部　幸広,4
E31741,14340,1011101008616,ＪＥＳＣＯホールディングス株式会社,4
E25443,31680,3230001012407,黒谷株式会社,4
E33364,39910,9011001066673,ウォンテッドリー株式会社,4
E36860,65220,3120001164267,株式会社アスタリスク,4
E02478,61590,1390001001841,ミクロン精密株式会社,4
E38082,,7010801019529,スカイマーク株式会社,4
E05083,47600,6260001000380,株式会社アルファ,4
E31968,35360,3480001009568,アクサスホールディングス株式会社,4
E04751,21570,7070001003674,株式会社コシダカホールディングス,4
E01465,62640,2340001011885,株式会社マルマエ,4
E38148,93360,6120101041611,大栄環境株式会社,4
E35773,73510,6010501033839,株式会社グッドパッチ,4
E31743,70650,5250001003039,ユーピーアール株式会社,4
E26300,,4010405010036,ケネディクス・レジデンシャル・ネクスト投資法人,4
E03044,82540,3020001074170,株式会社さいか屋,4
E36801,92410,7040001019632,株式会社フューチャーリンクネットワーク,4
E34729,44390,2190001015679,株式会社東名,4
E02513,80310,1010001008767,三井物産株式会社,4
E32991,35600,1010401048826,株式会社ほぼ日,4
E35767,73520,2011001096974,株式会社Ｂｒａｎｄｉｎｇ　Ｅｎｇｉｎｅｅｒ,4
E37939,51270,5011101043683,株式会社グッピーズ,4
E33237,39870,6430001034659,エコモット株式会社,4
E30999,60250,9120901014607,日本ＰＣサービス株式会社,4
E05630,38230,7013201013779,ＴＨＥ　ＷＨＹ　ＨＯＷ　ＤＯ　ＣＯＭＰＡＮＹ株式会社,4
E34238,70350,7011001102001,ａｎｄ　ｆａｃｔｏｒｙ株式会社,4
E03223,99790,2010801006663,株式会社大庄,4
E34837,,6010001167617,株式会社ＪＥＲＡ,4
E26732,,,クレディ・アグリコル・エス・エー,4
E02493,34400,1290001018169,日創プロニティ株式会社,4
E02238,72190,7080101011279,株式会社エッチ・ケー・エス,4
E04013,89170,8140001052787,ファースト住建株式会社,4
E37201,,,林雅之,4
E31425,60480,3010401088283,株式会社デザインワン・ジャパン,4
E03271,75140,9200001004384,株式会社　ヒマラヤ,4
E37458,50260,3011001072652,株式会社トリプルアイズ,4
E37095,44120,3010001129272,株式会社サイエンスアーツ,4
E24753,78180,4011001032309,株式会社トランザクション,4
E33514,92640,5240001032096,ポエック株式会社,4
E05498,24490,7010401097578,株式会社プラップジャパン,4
E03614,83160,2010001081053,株式会社三井住友フィナンシャルグループ,4
E03000,30450,5120101042932,株式会社カワサキ,4
E03761,,7030001016837,むさし証券株式会社,4
E05584,24840,3120001089729,株式会社出前館,4
E30020,31890,4011001003243,株式会社ＡＮＡＰ,4
E30637,,,ＵＢＳ（Ｌｕｘ）エクイティ・シキャブ,4
E01734,62550,9011501005718,株式会社エヌ・ピー・シー,4
E05042,47280,2130001030304,株式会社トーセ,4
E36648,73730,6013301031269,株式会社アイドマ・ホールディングス,4
E03221,99780,8020001066972,株式会社文教堂グループホールディングス,4
E31052,94180,3011001067132,株式会社ＵＳＥＮ－ＮＥＸＴ　ＨＯＬＤＩＮＧＳ,4
E00617,36070,9130001000639,株式会社クラウディアホールディングス,4
E27078,,,日興ＡＭグローバル・ケイマン・リミテッド,4
E34538,44330,6013301043545,株式会社ヒト・コミュニケーションズ・ホールディングス,4
E32351,35410,5170001006371,株式会社農業総合研究所,4
E33677,,,株式会社秀一,4
E04059,32280,4011301002770,株式会社三栄建築設計,4
E04111,90860,1010601022399,株式会社日立物流,4
E04999,47040,9011001030704,トレンドマイクロ株式会社,4
E22461,36340,8011001061907,株式会社ソケッツ,4
E34545,44230,8010401123151,アルテリア・ネットワークス株式会社,4
E37132,,,井村俊哉,4
E05254,43340,6120101007645,株式会社ユークス,4
E35223,,6010401144827,グロース・キャピタル株式会社,4
E00014,13320,1010001016860,株式会社ニッスイ,4
E35660,,,青木　勇,4
E38288,,,ＢＢＤイニシアティブ株式会社,4
E02124,70040,3120001031541,日立造船株式会社,4
E00659,39410,1120001036880,レンゴー株式会社,4
E38291,,,塩井　スマ,4
E02923,26680,8120001020754,タビオ株式会社,4
E31552,,,中島　諒子,4
E07098,,2011301006633,株式会社マサトヨ,4
E34106,,6120001051124,株式会社ジェンス,4
E00811,41140,9120001077620,株式会社日本触媒,4
E02488,62570,6120001099576,株式会社藤商事,4
E34557,44790,5011001094810,株式会社マクアケ,4
E31060,39030,8011101056625,株式会社ｇｕｍｉ,4
E05072,47510,4011001034156,株式会社サイバーエージェント,4
E08246,,,大村浩次,4
E26061,49770,2120001039437,新田ゼラチン株式会社,4
E34275,,,秋山　龍作,4
E01183,79790,6130001009674,株式会社松風,4
E33880,43820,7010401081739,ＨＥＲＯＺ株式会社,4
E33282,92620,7010901028669,株式会社シルバーライフ,4
E33968,,,ゴーディアン・キャピタル・シンガポール・プライベート・リミテッド,4
E30699,31930,9120001011711,株式会社鳥貴族ホールディングス,4
E05713,38560,9010501023597,Ａｂａｌａｎｃｅ株式会社,4
E36046,49340,2010401085273,プレミアアンチエイジング株式会社,4
E31754,39200,6010001080514,アイビーシー株式会社,4
E33910,14440,3010901009251,株式会社ニッソウ,4
E32400,61940,6010401060842,株式会社アトラエ,4
E35089,70690,2011001046938,株式会社サイバー・バズ,4
E00422,25510,9180301001869,マルサンアイ株式会社,4
E05351,23700,1020001039274,株式会社メディネット,4
E33633,65660,7013301003168,株式会社要興業,4
E04024,89270,1013201016399,株式会社明豊エンタープライズ,4
E04275,92330,6011101000700,アジア航測株式会社,4
E31398,,,ブラックロック・グローバル・ファンズ,4
E30650,60950,8011001073431,メドピア株式会社,4
E05360,37230,2012801004044,日本ファルコム株式会社,4
E01676,62770,2120001151786,ホソカワミクロン株式会社,4
E36117,,7010003026448,合同会社エメラルド,4
E31448,60460,1010001143952,株式会社リンクバル,4
E03173,98230,5030001071058,株式会社マミーマート,4
E36420,73610,8010001178760,株式会社ヒューマンクリエイションホールディングス,4
E02346,66770,4130001023818,株式会社エスケーエレクトロニクス,4
E03437,33280,5010701020605,ＢＥＥＮＯＳ株式会社,4
E05414,48090,8010401043696,パラカ株式会社,4
E04925,97950,7021001001169,株式会社ステップ,4
E02494,42430,2020001028152,株式会社ニックス,4
E01236,56090,8020001074100,日本鋳造株式会社,4
E04807,97460,5060001002844,株式会社　ＴＫＣ,4
E32495,62000,5010001080795,株式会社インソース,4
E05288,23040,2010001072812,株式会社ＣＳＳホールディングス,4
E05794,,,テキサス・インスツルメンツ・インコーポレイテッド,4
E01682,62840,7100001008315,日精エー・エス・ビー機械株式会社,4
E05280,87980,9120001073842,株式会社アドバンスクリエイト,4
E04047,32540,8120001086639,株式会社プレサンスコーポレーション,4
E35632,44990,5010401084611,株式会社Ｓｐｅｅｅ,4
E05243,43270,5011201004057,日本エス・エイチ・エル株式会社,4
E30126,14290,4020001061696,株式会社日本アクア,4
E05476,37690,6011001005411,ＧＭＯペイメントゲートウェイ株式会社,4
E34028,78000,1010001110663,株式会社アミファ,4
E03264,75050,6010001055706,扶桑電通株式会社,4
E35642,40510,5011001064508,ＧＭＯフィナンシャルゲート株式会社,4
E04038,89440,5010001031955,株式会社ランドビジネス,4
E04152,,1020001029440,横浜高速鉄道株式会社,4
E05233,43200,8430001003331,株式会社ＣＥホールディングス,4
E37742,95530,5011001052933,株式会社マイクロアド,4
E23465,78190,4010401097556,粧美堂株式会社,4
E02040,68770,9021001027278,ＯＢＡＲＡ　ＧＲＯＵＰ株式会社,4
E00975,45540,5010001084045,富士製薬工業株式会社,4
E05073,47540,3370001005710,株式会社トスネット,4
E00495,29170,1120001034595,株式会社大森屋,4
E02810,74460,5420001009282,東北化学薬品株式会社,4
E00515,29260,5030001051126,株式会社　篠崎屋,4
E01997,77110,6050001023279,助川電気工業株式会社,4
E23492,36360,6010001030403,株式会社三菱総合研究所,4
E00276,17710,1290001028382,日本乾溜工業株式会社,4
E00299,17430,8340001001600,コーアツ工業株式会社,4
E34965,49310,5290001023017,新日本製薬株式会社,4
E32156,61890,1010001170889,株式会社グローバルキッズＣＯＭＰＡＮＹ,4
E37773,73860,8010001131604,ジャパンワランティサポート株式会社,4
E05206,42930,6011101024311,株式会社セプテーニ・ホールディングス,4
E31681,34610,6010001082675,株式会社パルマ,4
E34285,34960,9011001062508,株式会社アズーム,4
E36961,92440,8011301019084,株式会社デジタリフト,4
E37957,95620,5010001092774,ビジネスコーチ株式会社,4
E32603,39390,9010701012714,株式会社カナミックネットワーク,4
E36670,77920,8120001073372,株式会社コラントッテ,4
E31751,35560,8180001093877,リネットジャパングループ株式会社,4
E03259,74940,4020001007344,株式会社コナカ,4
E34455,76810,1120901010233,株式会社レオクラン,4
E01381,59210,1010401007286,川岸工業株式会社,4
E02971,33230,8010401085763,レカム株式会社,4
E37199,92580,6011501017170,株式会社ＣＳ－Ｃ,4
E01568,63160,5010001008788,株式会社丸山製作所,4
E34335,44210,3010401052264,株式会社ディ・アイ・システム,4
E31640,39180,2010701018957,ＰＣＩホールディングス株式会社,4
E34054,78060,6180001051390,株式会社ＭＴＧ,4
E33242,39890,2180001061708,シェアリングテクノロジー株式会社,4
E02548,31760,2010001017016,三洋貿易株式会社,4
E27877,36770,3010001003551,株式会社システム情報,4
E33272,65510,8010001107240,株式会社ツナググループ・ホールディングス,4
E32193,61980,2011101052670,株式会社キャリア,4
E03347,26520,4011201005139,株式会社まんだらけ,4
E01034,49580,2010001063068,長谷川香料株式会社,4
E35946,29870,5011101067559,株式会社タスキ,4
E34256,34950,2050001000950,香陵住販株式会社,4
E24917,60500,2010401066249,イー・ガーディアン株式会社,4
E34271,34940,5011101020237,株式会社マリオン,4
E30836,36900,3120001104842,株式会社イルグルム,4
E02352,77600,3120001059756,ＩＭＶ株式会社,4
E33357,65540,6130001017685,株式会社エスユーエス,4
E35420,,,藤田　誠,4
E01716,64660,3140001052189,株式会社ＴＶＥ,4
E00254,17950,7010601006280,株式会社マサル,4
E30996,36980,6011001062642,株式会社ＣＲＩ・ミドルウェア,4
E02075,67310,6120001106530,株式会社ピクセラ,4
E05340,37120,9120001043911,株式会社情報企画,4
E32380,61960,7010001079968,株式会社ストライク,4
E33601,65630,4011001072890,株式会社みらいワークス,4
E05585,24850,6180001045104,株式会社ティア,4
E22042,21850,4180001036617,株式会社シイエム・シイ,4
E27043,60870,8011001065412,株式会社アビスト,4
E34544,44270,6010401117444,株式会社ＥｄｕＬａｂ,4
E35945,40590,7011001055793,株式会社まぐまぐ,4
E31454,60470,5010401102810,株式会社Ｇｕｎｏｓｙ,4
E37733,95520,3011001124759,株式会社Ｍ＆Ａ総合研究所,4
E05424,37470,3010001080186,株式会社インタートレード,4
E32619,39650,3120001077956,株式会社キャピタル・アセット・プランニング,4
E34273,62330,7140001038325,極東産機株式会社,4
E05707,36240,8011201015613,アクセルマーク株式会社,4
E32405,61950,3290001029577,株式会社ホープ,4
E33367,39920,3011101025642,株式会社ニーズウェル,4
E05492,87890,7010401025761,フィンテック　グローバル株式会社,4
E36629,73720,2010001180292,株式会社デコルテ・ホールディングス,4
E37153,92120,4010001142142,Ｇｒｅｅｎ　Ｅａｒｔｈ　Ｉｎｓｔｉｔｕｔｅ株式会社,4
E34053,70300,7110001022686,株式会社スプリックス,4
E31019,39000,6010401098453,株式会社クラウドワークス,4
E00258,17890,3011101040583,株式会社ＥＴＳホールディングス,4
E04365,93760,1010001031554,株式会社ユーラシア旅行社,4
E02719,98690,6140001068331,加藤産業株式会社,4
E36002,41720,2260001004724,東和ハイシステム株式会社,4
E34513,44450,9010001086161,リビン・テクノロジーズ株式会社,4
E37744,95540,5012401024308,株式会社ＡＶｉＣ,4
E27062,36680,7011001059638,株式会社コロプラ,4
E36223,92480,7010001221554,人・夢・技術グループ株式会社,4
E03340,76430,6460101000896,株式会社ダイイチ,4
E02982,33590,6320201000224,株式会社ｃｏｔｔａ,4
E36129,48840,7120901027189,クリングルファーマ株式会社,4
E30022,60800,3010001107385,Ｍ＆Ａキャピタルパートナーズ株式会社,4
E01715,63380,2150001010683,株式会社タカトリ,4
E33384,44470,2290001015909,株式会社ピー・ビーシステムズ,4
E05623,21220,8011101028715,株式会社インタースペース,4
E35258,70760,1180001116041,名南Ｍ＆Ａ株式会社,4
E05049,94380,6011101023123,株式会社エムティーアイ,4
E03207,99560,5200001023784,株式会社バローホールディングス,4
E27815,31870,5120001080628,株式会社サンワカンパニー,4
E32682,14380,4200001001361,株式会社岐阜造園,4
E02538,,3011101014587,株式会社トーハン,4
E34116,43930,1011101050080,株式会社バンク・オブ・イノベーション,4
E37192,42600,4012401031387,株式会社ハイブリッドテクノロジーズ,4
E00745,23880,7010001085875,株式会社ウェッジホールディングス,4
E15389,,,クレディ・スイス・マネジメント（ケイマン）リミテッド,4
E01137,53330,3180001010829,日本碍子株式会社,3
E31632,50210,1010401120741,コスモエネルギーホールディングス株式会社,3
E05192,48490,1011101029018,エン・ジャパン株式会社,3
E03478,30530,7010601023532,株式会社ペッパーフードサービス,3
E38201,,3011101042092,株式会社ｊｉｇ．ｊｐ,3
E38178,,6010001075555,株式会社コーチ・エィ,3
E38162,,6011001111250,株式会社トリドリ,3
E03572,83640,8080001001858,株式会社清水銀行,3
E38212,,3040001011205,大東製糖株式会社,3
E02778,99840,1010401056795,ソフトバンクグループ株式会社,3
E03562,83600,3090001002315,株式会社　山梨中央銀行,3
E02505,80150,6180001031731,豊田通商株式会社,3
E34191,,6010401138465,株式会社メディカルインキュベータジャパン,3
E22198,,5180001088789,東海東京証券株式会社,3
E01059,49230,9130001033317,コタ株式会社,3
E38155,,3011001108349,ウェルプレイド・ライゼスト株式会社,3
E38215,,6011001046711,株式会社ＧＥＮＯＶＡ,3
E38164,,5010401054515,株式会社エージェント・インシュアランス・グループ,3
E03847,87660,7010001078061,東京海上ホールディングス株式会社,3
E37359,,1010001162465,Ｂｅｙｏｎｄ　Ｎｅｘｔ　Ｖｅｎｔｕｒｅｓ株式会社,3
E35518,48830,1010001172984,株式会社モダリス,3
E04967,46530,7010401016356,株式会社ダイオーズ,3
E31493,,,バークレイズ・マルチマネージャー・ファンド・パブリック・リミテッド・カンパニー,3
E31742,34150,9011001058992,株式会社ＴＯＫＹＯ　ＢＡＳＥ,3
E23887,,1030001086043,永田紙業株式会社,3
E14732,,6010401068539,ソシエテ・ジェネラル・オスマン・マネジメント株式会社,3
E03581,83700,9170001000916,株式会社紀陽銀行,3
E09600,,1120001056441,第一燃料株式会社,3
E32015,,,フォーカス・シキャブ,3
E03451,33580,9290801016604,ワイエスフード株式会社,3
E38118,,8010401090648,株式会社アルファパーチェス,3
E32101,,8010401082876,ＵＧＳアセットマネジメント株式会社,3
E38202,,2220001020849,ダイワ通信株式会社,3
E03500,30660,8180001047370,株式会社ＪＢイレブン,3
E03367,26810,7180001074052,株式会社ゲオホールディングス,3
E38024,,7010001171816,プリベントメディカル株式会社,3
E32636,,,モルガン・スタンレー・ファイナンス・エルエルシー,3
E02272,77330,5011001005222,オリンパス株式会社,3
E03575,83660,6160001000993,株式会社滋賀銀行,3
E30103,71670,1060001007582,株式会社めぶきフィナンシャルグループ,3
E03610,83080,5010601039654,株式会社　りそなホールディングス,3
E03554,83340,3070001003513,株式会社　群馬銀行,3
E09482,,,株式会社エスジェーエス,3
E03583,83810,6280001000230,株式会社山陰合同銀行,3
E38124,,,創展環球有限公司,3
E27736,,6010001026748,ベイビュー・アセット・マネジメント株式会社,3
E02960,27760,7010601010274,新都ホールディングス株式会社,3
E13771,,7010405002922,森トラスト総合リート投資法人,3
E03556,83310,2040001000019,株式会社千葉銀行,3
E15296,,,ＵＢＳ（Ｌｕｘ）キー・セレクション・シキャブ,3
E37620,,,山口　直彦,3
E36862,,,アップコン株式会社,3
E00692,79110,7010501016231,凸版印刷株式会社,3
E03851,87950,2010401063502,株式会社Ｔ＆Ｄホールディングス,3
E03646,71840,8230001002106,株式会社　富山第一銀行,3
E26490,,,崎谷　文雄,3
E03399,27300,3240001041231,株式会社エディオン,3
E32447,71890,5290001075355,株式会社西日本フィナンシャルホールディングス,3
E36703,73800,7200001039259,株式会社十六フィナンシャルグループ,3
E03508,30690,2010401066843,株式会社　ＪＦＬＡホールディングス,3
E03622,84180,5250001007270,株式会社山口フィナンシャルグループ,3
E31748,61780,5010001112697,日本郵政株式会社,3
E31755,71810,6010001112696,株式会社かんぽ生命保険,3
E31604,,1010005023705,サムティ・レジデンシャル投資法人,3
E04948,94350,9013301019047,株式会社光通信,3
E03333,76380,9010001046693,株式会社ＮＥＷ　ＡＲＴ　ＨＯＬＤＩＮＧＳ,3
E06087,,,フィンランド地方金融公社,3
E10538,,,舘本　勲武,3
E03771,,2010001062870,三菱ＵＦＪ証券ホールディングス株式会社,3
E13410,,3010005005643,日本都市ファンド投資法人,3
E32189,62370,3010001011026,株式会社イワキ,3
E03563,83590,3100001002833,株式会社八十二銀行,3
E37761,,,本多　敏行,3
E36668,,8120001043821,株式会社ジャパンシルバーフリース,3
E23924,86300,9011101055980,ＳＯＭＰＯホールディングス株式会社,3
E02956,27610,8011101014467,トシン・グループ株式会社,3
E01598,64620,3010001032014,株式会社リケン,3
E05219,43010,5011001029386,株式会社アミューズ,3
E03576,83690,9130001000028,株式会社京都銀行,3
E38171,,1010901034004,株式会社Ｒｅｂａｓｅ,3
E37392,,,谷口　辰成,3
E22239,,,ＵＢＳ（Ｌｕｘ）ボンド・シキャブ,3
E03200,99450,2290001034974,株式会社プレナス,3
E06033,,,西オーストラリア州理財公社,3
E37936,95600,4010001178269,株式会社プログリット,3
E02126,70110,8010401050387,三菱重工業株式会社,3
E01978,69420,9011101054751,株式会社ソフィアホールディングス,3
E32292,91430,9130001026717,ＳＧホールディングス株式会社,3
E38110,,,小代　義行,3
E32141,39300,1013201014709,株式会社はてな,3
E38247,,2010001230857,住友生命第３回劣後ローン流動化株式会社,3
E00143,19280,8120001059652,積水ハウス株式会社,3
E38157,52400,3011101065465,ｍｏｎｏＡＩ　ｔｅｃｈｎｏｌｏｇｙ株式会社,3
E10264,,,上田　祐司,3
E09489,,,進藤博信,3
E06141,87500,8010001131752,第一生命ホールディングス株式会社,3
E35828,,6013101007246,株式会社ぽると,3
E35187,70730,1010001066022,株式会社ジェイック,3
E05336,37100,2011101009695,ジョルダン株式会社,3
E02732,98960,4010601027156,ＪＫホールディングス株式会社,3
E07801,60980,5010001060426,株式会社リクルートホールディングス,3
E05168,48130,5010001009662,株式会社ＡＣＣＥＳＳ,3
E01085,51010,4010401030574,横浜ゴム株式会社,3
E35534,70950,7011001107074,株式会社Ｍａｃｂｅｅ　Ｐｌａｎｅｔ,3
E24211,,,重田　光時,3
E14705,,3010005011484,産業ファンド投資法人,3
E32691,,8010401060106,株式会社エスエム・エンタテインメント・ジャパン,3
E00540,31160,2180301014324,トヨタ紡織株式会社,3
E04103,90420,2120901019851,阪急阪神ホールディングス株式会社,3
E03855,88010,6010001034957,三井不動産株式会社,3
E38334,,,副島　雄一,3
E04060,32310,3011101037398,野村不動産ホールディングス株式会社,3
E36213,41740,4011001065192,株式会社アピリッツ,3
E00688,39550,1120001074740,株式会社イムラ封筒,3
E33948,65770,9011001045578,株式会社ベストワンドットコム,3
E04853,96920,9021001026338,株式会社シーイーシー,3
E07790,,7010401044480,株式会社巽也蔵,3
E06718,,7240001008045,日本鉱泉株式会社,3
E02835,74760,8120001060544,アズワン株式会社,3
E25884,77770,4010001087940,株式会社スリー・ディー・マトリックス,3
E11029,,,クレディ・スイス・エイ・ジー,3
E33109,35650,2011101051771,アセンテック株式会社,3
E03404,27620,8013301027281,株式会社ＳＡＮＫＯ　ＭＡＲＫＥＴＩＮＧ　ＦＯＯＤＳ,3
E04048,89960,6120101025572,株式会社ハウスフリーダム,3
E05759,,,ウエストパック・バンキング・コーポレーション,3
E11467,,8010401055238,日鉄興和不動産株式会社,3
E22035,,,五十嵐　幹,3
E05750,,,ナショナル・オーストラリア・バンク・リミテッド,3
E06989,,,市野　諮,3
E01827,67150,5070001005937,株式会社ナカヨ,3
E04919,96000,7020001030145,株式会社アイネット,3
E03485,30670,4011101033768,株式会社東京一番フーズ,3
E32462,,,大房　翔,3
E37413,,,椙原　健,3
E38007,95640,5011101080339,株式会社ＦＣＥ　Ｈｏｌｄｉｎｇｓ,3
E03623,84100,5010001073618,株式会社セブン銀行,3
E32194,61910,6010401072978,株式会社エアトリ,3
E09016,,9010001067806,コンセーユ・ティ・アイ株式会社,2
E31720,,3010001153347,大和企業投資株式会社,2
E38206,,,アリアケ・マスター・ファンド,2
E05156,48190,5011001014966,株式会社デジタルガレージ,2
E03252,74620,6010001141167,株式会社ＣＡＰＩＴＡ,2
E38126,,,大津　直樹,2
E03637,85620,4380001001393,株式会社　福島銀行,2
E03641,85440,5040001000008,株式会社　京葉銀行,2
E04302,,7020001027166,鈴江コーポレーション株式会社,2
E34205,,6010001153708,新生クレアシオンパートナーズ株式会社,2
E03664,84160,4490001000608,株式会社高知銀行,2
E03997,88970,6011101042313,ＭＩＲＡＲＴＨホールディングス株式会社,2
E03660,,8250001008844,株式会社西京銀行,2
E04370,,9010001095716,東日本高速道路株式会社,2
E08278,,,七村　守,2
E03674,85630,7380001005689,株式会社大東銀行,2
E01002,42080,2250001002992,ＵＢＥ株式会社,2
E04503,95050,7230001003022,北陸電力株式会社,2
E03645,85370,5110001022754,株式会社大光銀行,2
E34113,73270,3110001033555,株式会社第四北越フィナンシャルグループ,2
E26324,,,吉松　徹郎,2
E01589,67280,5021001007242,株式会社　アルバック,2
E26686,71610,9370001022386,株式会社じもとホールディングス,2
E33586,44800,4010401082351,株式会社メドレー,2
E03823,,2010001008824,東京海上日動火災保険株式会社,2
E38010,,4010401141396,ＳＢＩノンバンクホールディングス株式会社,2
E37667,,1011101059452,株式会社ゴーゴーカレーグループ,2
E03854,87250,4010001116542,ＭＳ＆ＡＤインシュアランスグループホールディングス株式会社,2
E05328,23540,7290801010765,株式会社ＹＥ　ＤＩＧＩＴＡＬ,2
E38185,,,ＷＩＬＬ　ＦＩＥＬＤ　ＣＡＰＩＴＡＬ　ＰＴＥ　ＬＴＤ,2
E09050,,,マサチューセッツ・ファイナンシャル・サービセズ・カンパニー,2
E03530,83030,7010001016855,株式会社新生銀行,2
E32419,,,賀川　正宣,2
E35230,,2010701019377,楽天カード株式会社,2
E02144,72030,1180301018771,トヨタ自動車株式会社,2
E03574,83680,5190001000892,株式会社　百五銀行,2
E02517,80980,4120001077360,稲畑産業株式会社,2
E30695,,,Ｍａｗｅｒ　Ｉｎｖｅｓｔｍｅｎｔ　Ｍａｎａｇｅｍｅｎｔ　Ｌｔｄ．,2
E00380,22080,6110001017563,株式会社ブルボン,2
E36300,,4370001025360,東北大学ベンチャーパートナーズ株式会社,2
E05903,,,ゼネラル・エレクトリック・カンパニー,2
E36657,73180,8180001058335,セレンディップ・ホールディングス株式会社,2
E20994,,8080101005817,株式会社増進会ホールディングス,2
E35254,,1010005030387,ＳＯＳｉＬＡ物流リート投資法人,2
E12468,,1010001018139,さわかみ投信株式会社,2
E03543,83450,7400001000423,株式会社岩手銀行,2
E33840,73260,6010401128870,ＳＢＩインシュアランスグループ株式会社,2
E03599,83950,9300001000183,株式会社佐賀銀行,2
E03549,83440,5390001002010,株式会社山形銀行,2
E05954,,,トヨタ　ファイナンス　オーストラリア　リミテッド,2
E03557,83370,9040001000020,株式会社千葉興業銀行,2
E03546,83430,1410001000221,株式会社秋田銀行,2
E03040,82520,9011201005150,株式会社　丸井グループ,2
E03571,83580,9080101000957,スルガ銀行株式会社,2
E35720,,3010401144284,トライヴィスタ・キャピタル株式会社,2
E30522,,,シンフォニー・フィナンシャル・パートナーズ（シンガポール）ピーティーイー・リミテッド,2
E23820,86000,5470001011928,トモニホールディングス株式会社,2
E03819,87040,5010401039284,トレイダーズホールディングス株式会社,2
E36196,,,加藤　厚史,2
E27919,,,荒井　正昭,2
E03570,,5080001002669,株式会社静岡銀行,2
E34168,,,宮下　幸治,2
E02453,78600,7010401004245,エイベックス株式会社,2
E38187,,1010001230222,株式会社ＴＨＥ　ＳＨＡＰＥＲ,2
E32887,,2010405014492,森トラスト・ホテルリート投資法人,2
E12431,,3010001068479,ＢＮＰパリバ・アセットマネジメント株式会社,2
E03652,85220,8180001036398,株式会社　名古屋銀行,2
E38129,,5011001137024,株式会社ｐｒｏｐｅｒｔｙ　ｔｅｃｈｎｏｌｏｇｉｅｓ,2
E03648,,8080101000735,株式会社静岡中央銀行,2
E04514,95310,6010401020516,東京瓦斯株式会社,2
E03545,83410,1370001003352,株式会社七十七銀行,2
E30746,71730,9011101071326,株式会社東京きらぼしフィナンシャルグループ,2
E03550,83460,9380001001018,株式会社東邦銀行,2
E03670,85540,7340001004232,株式会社南日本銀行,2
E03679,71500,8280001000328,株式会社島根銀行,2
E31217,,3010005023083,ケネディクス商業リート投資法人,2
E05714,,4010401053410,ソニーフィナンシャルグループ株式会社,2
E05069,47480,7011201001655,株式会社　構造計画研究所,2
E05391,33190,9010401040981,株式会社ゴルフダイジェスト・オンライン,2
E36239,,,谷口　政人,2
E37730,,,ハンマックス・インベストメント・リミテッド,2
E03582,83830,2270001000870,株式会社　鳥取銀行,2
E12499,,4010001065839,ＮＮインベストメント・パートナーズ株式会社,2
E03544,83490,7400001001891,株式会社　東北銀行,2
E37412,73840,3420001017799,株式会社プロクレアホールディングス,2
E03567,83620,9210001003641,株式会社福井銀行,2
E23250,87140,1120001140303,株式会社池田泉州ホールディングス,2
E03730,,1012401020392,株式会社ホンダファイナンス,2
E23187,87130,4370001018694,フィデアホールディングス株式会社,2
E33693,73220,2190001025439,株式会社三十三フィナンシャルグループ,2
E03634,85510,8400001001882,株式会社　北日本銀行,2
E03602,83990,6360001000404,株式会社琉球銀行,2
E03647,,8210001003262,株式会社福邦銀行,2
E20919,,6240002039049,有限会社青山物産,2
E02590,,5120001077392,ＫＩＳＣＯ株式会社,2
E03592,83980,6290001049168,株式会社筑邦銀行,2
E32283,,,香田哲朗,2
E04912,85700,2010001010887,イオンフィナンシャルサービス株式会社,2
E03683,,5360001000405,株式会社　沖縄海邦銀行,2
E37634,,4010001225129,日本生命第７回劣後ローン流動化株式会社,2
E03624,83540,9290001028986,株式会社ふくおかフィナンシャルグループ,2
E03591,,1290001004367,株式会社福岡銀行,2
E37482,51250,2011001127135,株式会社ファインズ,2
E31775,71820,5010001112730,株式会社ゆうちょ銀行,2
E03597,83930,4350001001677,株式会社宮崎銀行,2
E03555,83360,6030001002490,株式会社武蔵野銀行,2
E33574,36110,7240001034000,株式会社マツオカコーポレーション,2
E00967,45440,1011101039628,Ｈ．Ｕ．グループホールディングス株式会社,2
E14140,,6010005015144,大和ハウスリート投資法人,2
E03663,85410,2500001000005,株式会社　愛媛銀行,2
E05677,38420,6010001097517,株式会社ネクストジェン,2
E01821,68820,7120001051882,株式会社三社電機製作所,2
E03407,27670,2011001042870,円谷フィールズホールディングス株式会社,2
E01057,44640,8120001083009,株式会社ソフト９９コーポレーション,2
E34566,,,ひびき・パース・アドバイザーズ,2
E03729,84210,3010005002392,信金中央金庫,2
E03684,85210,9100001013701,株式会社長野銀行,2
E03596,83920,7320001000084,株式会社大分銀行,2
E03580,83670,5150001001622,株式会社南都銀行,2
E35826,73390,2010401155621,アイペットホールディングス株式会社,2
E03678,85420,7260001006096,株式会社トマト銀行,2
E04505,95070,9470001001933,四国電力株式会社,2
E03600,,3140001055984,株式会社　但馬銀行,2
E03827,,4011101023372,損害保険ジャパン株式会社,2
E26965,,7120001172720,株式会社安芸ゴルフ倶楽部,2
E30201,,,中村　壮秀,2
E37959,51290,1010401084788,株式会社ＦＩＸＥＲ,2
E03666,85400,9290001004368,株式会社福岡中央銀行,2
E03552,83380,4050001009057,株式会社筑波銀行,2
E04101,90480,8180001031837,名古屋鉄道株式会社,2
E01634,64090,1090001003075,株式会社キトー,2
E01190,52140,4160001001498,日本電気硝子株式会社,2
E31612,71800,2340001018765,株式会社九州フィナンシャルグループ,2
E34552,,,ＩｎｆｌｅＸｉｏｎ　ＩＩ　Ｉｎｖｅｓｔｍｅｎｔ，　Ｉｎｃ．,2
E31210,,8010401058612,イノベーション・エンジン株式会社,2
E35493,93260,7122001008714,株式会社関通,2
E31745,61750,7011001070909,株式会社ネットマーケティング,2
E23224,,,株式会社アプラス,2
E03676,,8300001000201,株式会社佐賀共栄銀行,2
E01297,99640,9080001007508,株式会社アイ・テック,2
E36730,73500,2360001029471,株式会社おきなわフィナンシャルグループ,2
E38042,,7010401001556,アクセンチュア株式会社,2
E05884,,,スリーエム　カンパニー,2
E35289,70820,3011001068337,株式会社ジモティー,2
E03651,,8180001036373,株式会社愛知銀行,2
E03993,88940,8250001006187,株式会社ＲＥＶＯＬＵＴＩＯＮ,2
E00053,18030,1010401013565,清水建設株式会社,2
E03673,85590,3320001002530,株式会社豊和銀行,2
E03653,,6180001036391,株式会社中京銀行,2
E26349,,4010401097969,マイルストーン・キャピタル・マネジメント株式会社,2
E33700,,4010405016090,ザイマックス・リート投資法人,2
E36077,40160,8040001042344,ＭＩＴホールディングス株式会社,2
E27092,,6010405009877,ＧＬＰ投資法人,2
E32187,,,成瀬　隆章,2
E32726,,,梅田　優祐,2
E03533,,5010001008846,株式会社三菱ＵＦＪ銀行,2
E35331,,,岡本吉起,2
E31732,61720,2011101057356,株式会社メタップス,2
E10093,,4180002058107,有限会社巴ホールディングス,2
E25088,,,ピムコ・グローバル・アドバイザーズ（ルクセンブルグ）エス・エイ,2
E02843,74880,4180001041518,株式会社ヤガミ,2
E13909,,4010501022769,ありがとう投信株式会社,2
E32138,28840,6010001128643,株式会社ヨシムラ・フード・ホールディングス,2
E31583,,,ＵＢＳ（Ｌｕｘ）ストラテジー・シキャブ,2
E15033,,,ＩＱ　ＥＱマネジメント・バミューダ・リミテッド,2
E34575,,,インベスコ・ファンズ,2
E15174,,,ルクセンブルク三菱ＵＦＪインベスターサービス銀行Ｓ．Ａ．,2
E04090,90050,7011001016291,東急株式会社,2
E34767,,,ファンドロジック（ジャージー）リミテッド,2
E02059,67270,8030001033121,株式会社ワコム,2
E00183,19790,7011101011812,株式会社大気社,2
E38180,,4011001063527,オープンワーク株式会社,2
E14853,,,ＳＭＢＣ日興インベストメント・ファンド・マネジメント・カンパニー・エス・エイ,2
E01533,63020,9010701005032,住友重機械工業株式会社,2
E37066,,,百本　正博,2
E34282,,2010001183816,シュバイツェル・インベストメント株式会社,2
E00222,19940,1010001049480,高橋カーテンウォール工業株式会社,2
E38167,,8010401104993,株式会社フーディソン,2
E38031,,4010001226242,ＨＴＳＫ株式会社,2
E33961,,,宮本　和彦,2
E02718,98670,1010801004073,ソレキア株式会社,2
E01209,,2290001045328,株式会社麻生,2
E31476,,2010001025943,ニッセイ・キャピタル株式会社,2
E01636,63630,9120901011562,株式会社酉島製作所,2
E30064,,8010005019820,イオンリート投資法人,2
E32395,,,ＶＩＳ　Ａｄｖｉｓｏｒｓ，ＬＰ,2
E30957,,,山崎　敬明,2
E04500,95090,4430001022351,北海道電力株式会社,2
E00596,35780,6220001003750,倉庫精練株式会社,2
E33440,,4011101005998,株式会社ケイアイテイ,2
E36700,73810,5220001024450,株式会社北國フィナンシャルホールディングス,2
E01591,63760,7011001017109,日機装株式会社,2
E03127,82790,4030001055722,株式会社ヤオコー,2
E38111,,,森　遼太,2
E38112,,,永田　基樹,2
E38113,,,小代　愛,2
E05070,47500,8120001083116,株式会社ダイサン,2
E27622,25870,8010401080079,サントリー食品インターナショナル株式会社,2
E04110,90310,4290001009413,西日本鉄道株式会社,2
E04430,94320,7010001065142,日本電信電話株式会社,2
E02888,75900,2170001005748,株式会社タカショー,2
E04504,95040,4240001006753,中国電力株式会社,2
E00424,25900,2120001083154,ダイドーグループホールディングス株式会社,2
E32715,,,藤代　真一,2
E27012,,1120001169813,新関西国際空港株式会社,2
E04374,,3120001112341,西日本高速道路株式会社,2
E00369,22010,1010401029660,森永製菓株式会社,2
E01622,64060,3160001009212,フジテック株式会社,2
E03764,86160,1010001034202,東海東京フィナンシャル・ホールディングス株式会社,2
E31387,,,ＵＢＳ（Ｌｕｘ）ファンド・ソリューションズ・シキャブ,2
E02882,78650,8010001055217,ピープル株式会社,2
E02528,80530,1010001008692,住友商事株式会社,2
E38192,,5011001107217,株式会社ＩＮＦＯＲＩＣＨ,2
E02255,63550,4140001049416,住友精密工業株式会社,2
E26322,31720,3080001013429,ティーライフ株式会社,2
E02515,80570,1010001034730,株式会社内田洋行,2
E02170,72260,7140001068512,極東開発工業株式会社,2
E34387,,,木村　春樹,2
E34385,,,木村　勇也,2
E05374,23890,4010001102162,株式会社デジタルホールディングス,2
E30225,,,平尾丈,2
E36943,,,マラソン・アセット・マネジメント・リミテッド,2
E05099,47680,1010001012983,株式会社　大塚商会,2
E25303,22290,8010001133757,カルビー株式会社,2
E38233,,9010001103759,リード・キャピタル・マネージメント株式会社,2
E23631,,5010701021660,楽天証券株式会社,2
E32750,39670,4010401099544,株式会社エルテス,2
E04373,,2010001095722,首都高速道路株式会社,2
E04262,,5430001050054,新日本海フェリー株式会社,2
E09389,,,池田　茂,2
E37795,51280,1010701043287,株式会社ＷＯＷ　ＷＯＲＬＤ　ＧＲＯＵＰ,2
E34269,,,小松　匡,2
E04806,85950,9010001019930,ジャフコ　グループ株式会社,2
E35890,,,エボリューション　ジャパン　グループ　ホールディング　インク,2
E35889,,,タイガー　ホールディングス　リミテッド,2
E01380,59670,9120001013625,ＴＯＮＥ株式会社,2
E32946,,,奥本　健二,2
E31280,,6010005023345,ヘルスケア＆メディカル投資法人,2
E34866,70640,4011601015654,株式会社ハウテレビジョン,2
E30047,36790,2010401098688,株式会社じげん,2
E04145,,3010601023924,東京臨海高速鉄道株式会社,2
E00208,97430,3010501007440,株式会社丹青社,2
E00058,18120,8010401006744,鹿島建設株式会社,2
E38316,,,秋枝　静香,2
E02685,80680,8010001060398,菱洋エレクトロ株式会社,2
E36713,76990,,オムニ・プラス・システム・リミテッド,2
E04371,,4180001056169,中日本高速道路株式会社,2
E05312,23350,4010701002678,株式会社キューブシステム,2
E31381,60390,4020001077222,株式会社日本動物高度医療センター,2
E33485,71960,4010001155540,株式会社Ｃａｓａ,2
E35442,,9010001186226,株式会社ミダスキャピタル,2
E02953,27510,5010801007634,株式会社テンポスホールディングス,2
E08163,,9010401008780,アバディーン・ジャパン株式会社,2
E00510,29230,8110001002068,サトウ食品株式会社,2
E00482,29100,4140001002820,株式会社ロック・フィールド,2
E04346,93650,3140001009726,トレーディア株式会社,2
E02477,42380,4013301002222,ミライアル株式会社,2
E04590,88420,6010601012585,株式会社東京楽天地,2
E38332,,,谷田　優也,2
E03004,30700,9010501001644,株式会社アマガサ,2
E38333,,,髙尾　恭平,2
E35932,76920,4120001102102,株式会社アースインフィニティ,2
E04763,97340,2010501016293,株式会社精養軒,2
E37398,42680,9010401111881,エッジテクノロジー株式会社,2
E26369,36620,6180001055771,株式会社エイチーム,2
E02356,66560,7410001008548,インスペック株式会社,2
E36722,40750,3010601036265,ブレインズテクノロジー株式会社,2
E35989,40140,7010401079733,株式会社カラダノート,2
E32687,65350,4011001059087,株式会社アイモバイル,2
E21261,21810,8011001058176,パーソルホールディングス株式会社,2
E23841,31590,9011101055337,丸善ＣＨＩホールディングス株式会社,2
E35439,,,重松　大輔,2
E02293,69660,6290801010667,株式会社三井ハイテック,2
E33323,66960,7020001042025,株式会社トラース・オン・プロダクト,2
E24248,31610,7010501008071,アゼアス株式会社,2
E04075,32460,9290001007429,株式会社コーセーアールイー,2
E02060,63870,4130001014511,サムコ　株式会社,2
E01451,34210,8010801001097,株式会社稲葉製作所,2
E02007,66540,9130001022352,不二電機工業株式会社,2
E01610,63580,1010401011081,酒井重工業株式会社,2
E06928,,,笠原　康人,2
E02439,78780,8090001004562,株式会社光・彩,2
E05680,38430,8011001034292,フリービット株式会社,2
E02047,63360,4240001029432,株式会社石井表記,2
E25898,36570,7011101063309,ポールトゥウィンホールディングス株式会社,2
E05958,48750,,メディシノバ・インク,2
E37964,,2011103011889,合同会社イーグルキャピタル２号ファンド,2
E05717,21630,6140001047590,株式会社アルトナー,2
E00558,33060,6230001008369,日本製麻株式会社,2
E31871,61840,9010001040382,株式会社鎌倉新書,2
E00414,25930,3011001002279,株式会社伊藤園,2
E36886,92420,2290001005793,メディア総研株式会社,2
E35614,29910,9013301017315,株式会社ランドネット,2
E32163,14360,6480001006042,株式会社フィット,2
E30042,60910,6260001026756,株式会社ウエスコホールディングス,2
E00763,40260,2120001077049,神島化学工業株式会社,2
E02469,62670,6180001045896,ゼネラルパッカー株式会社,2
E00381,22170,2140001002665,モロゾフ株式会社,2
E03116,82140,5020001091635,株式会社ＡＯＫＩホールディングス,2
E03506,30710,5010001065326,株式会社ストリーム,2
E01442,59710,1220001011873,株式会社共和工業所,2
E05161,48240,7010401040249,株式会社メディアシーク,2
E02665,81420,1140001002071,株式会社トーホー,2
E03117,82150,5010001041228,株式会社銀座山形屋,2
E35804,,,市原　正樹,2
E27215,31800,6011301013031,株式会社ビューティガレージ,2
E36321,49360,6011101061957,株式会社アクシージア,2
E03859,88040,6010001034998,東京建物株式会社,2
E02379,59430,6140001010383,株式会社ノーリツ,2
E23829,66300,5010601020184,ヤーマン株式会社,2
E36731,73790,4011001098218,株式会社サーキュレーション,2
E37333,50310,5010001145409,モイ株式会社,2
E36338,,1010401084739,オリックス銀行株式会社,2
E35144,29830,8180001060415,株式会社アールプランナー,2
E02909,47430,3010001022865,株式会社アイティフォー,2
E31657,,,平山　善一,2
E34657,70500,4011001031764,株式会社フロンティアインターナショナル,2
E32254,35390,1050001011577,株式会社ＪＭホールディングス,2
E36658,71260,8120001084238,グローバルスタイル株式会社,2
E00578,35240,3010401022044,日東製網株式会社,2
E02847,75000,1010401021428,西川計測株式会社,2
E05483,24380,7240001000407,株式会社アスカネット,2
E05705,38540,2120001034108,株式会社アイル,2
E03317,76140,5010401041686,株式会社オーエムツーネットワーク,2
E30138,,5260002008317,株式会社ＯＨＭＯＴＯホールディングス,2
E03454,33610,2020001021033,株式会社トーエル,2
E03279,75330,5290001017679,株式会社グリーンクロス,2
E02011,74350,5180001039239,株式会社ナ・デックス,2
E38290,,2140001026689,ウイングトワ株式会社,2
E05784,,,クレディ・スイス・グループＡＧ,2
E03326,76230,4020001020256,株式会社サンオータス,2
E05635,38160,1120901011371,株式会社大和コンピューター,2
E08448,,,﨑山　收,2
E02429,78950,7030001061800,中央化学株式会社,2
E05378,23910,5010401026654,株式会社プラネット,2
E00281,17660,1180001054828,東建コーポレーション株式会社,2
E02342,67780,2012801000217,株式会社アルチザネットワークス,2
E01060,49730,2011601007777,日本高純度化学株式会社,2
E35125,76820,5180001009159,株式会社浜木綿,2
E35611,70970,6010001185437,株式会社さくらさくプラス,2
E37595,29970,3260001012107,株式会社ストレージ王,2
E05204,42870,7010801005818,株式会社ジャストプランニング,2
E33235,39880,5180001110767,株式会社ＳＹＳホールディングス,2
E31902,39210,6020001009165,株式会社ネオジャパン,2
E34853,44460,6010701028399,株式会社Ｌｉｎｋ－Ｕ,2
E31386,31340,9021001033474,Ｈａｍｅｅ株式会社,2
E36711,92400,4010401054152,株式会社デリバリーコンサルティング,2
E37848,71100,6012401017913,株式会社クラシコム,2
E31248,60370,4010401065075,株式会社ファーストロジック,2
E02430,78990,8180001067476,ＭＩＣＳ化学株式会社,2
E04599,96320,3010001008699,スバル興業株式会社,2
E37358,42670,1010001084197,株式会社ライトワークス,2
E02452,64250,6010601025422,株式会社ユニバーサルエンターテインメント,2
E37987,51310,1010901029020,リンカーズ株式会社,2
E34643,44310,3120002064771,株式会社スマレジ,2
E37779,95560,6010401064612,ＩＮＴＬＯＯＰ株式会社,2
E34747,76740,9012401017051,株式会社ＮＡＴＴＹ　ＳＷＡＮＫＹホールディングス,2
E00735,78500,8430001009031,総合商研株式会社,2
E00287,17580,7180001019940,太洋基礎工業株式会社,2
E32119,24240,5180001085084,株式会社ブラス,2
E36928,43730,5010401128558,シンプレクス・ホールディングス株式会社,2
E00715,79010,9290801005722,株式会社マツモト,2
E00239,18440,9011801002605,株式会社大盛工業,2
E04592,96360,1120001005118,株式会社きんえい,2
E35304,,3010001163354,農林中金バリューインベストメンツ株式会社,2
E31731,14330,7010601021305,ベステラ株式会社,2
E02065,67570,3120001061514,株式会社ＯＳＧコーポレーション,2
E01950,68570,9011601000379,株式会社アドバンテスト,2
E36484,41940,6011001132222,ビジョナル株式会社,2
E02967,33200,1180001025507,クロスプラス株式会社,2
E22016,34440,6010101000917,株式会社菊池製作所,2
E02121,34410,3020001020348,株式会社山王,2
E34999,45990,6120901018131,株式会社ステムリム,2
E33294,39950,1011001059701,株式会社ＳＫＩＹＡＫＩ,2
E00571,80130,3010501024502,株式会社ナイガイ,2
E04896,96270,1430001020787,株式会社アインホールディングス,2
E05484,37700,8011001048846,株式会社ザッパラス,2
E30909,,8120001022131,大阪印刷インキ製造株式会社,2
E03470,33990,9430001017223,株式会社丸千代山岡家,2
E03324,76210,6010101000462,株式会社うかい,2
E03436,33290,6010401083455,東和フードサービス株式会社,2
E05563,30310,8010001076972,株式会社ラクーンホールディングス,2
E03314,76040,5290001048435,株式会社　梅の花,2
E22605,,,秋元　利規,2
E01157,52620,6010401023196,日本ヒューム株式会社,2
E02016,68980,1270001000483,トミタ電機株式会社,2
E31408,60400,6010001097087,日本スキー場開発株式会社,2
E02490,43690,2090001008148,株式会社　トリケミカル研究所,2
E34114,44220,3010001125817,ＶＡＬＵＥＮＥＸ株式会社,2
E25165,31670,2080001017736,株式会社ＴＯＫＡＩホールディングス,2
E37573,50320,7011101080460,ＡＮＹＣＯＬＯＲ株式会社,2
E04023,89250,9011101006414,株式会社アルデプロ,2
E26095,31690,7013201019157,株式会社ミサワ,2
E36322,41750,7010401110126,株式会社ｃｏｌｙ,2
E33784,43800,8011101033863,株式会社Ｍマート,2
E33346,92630,8010401134850,株式会社ビジョナリーホールディングス,2
E34322,34970,2120001096841,株式会社ＬｅＴｅｃｈ,2
E31815,34180,1120001087528,株式会社バルニバービ,2
E02484,29290,5130001011549,株式会社ファーマフーズ,2
E37468,50790,4140001058111,株式会社ノバック,2
E35028,29780,3011001070524,株式会社ツクルバ,2
E35170,76830,2011001053257,株式会社ダブルエー,2
E33313,78100,1090001001062,株式会社クロスフォー,2
E04593,96370,2120001059617,オーエス株式会社,2
E05137,94440,3180001020233,株式会社トーシンホールディングス,2
E37419,77930,4030001059302,株式会社イメージ・マジック,2
E23926,,8011101050520,株式会社イーストアンドウエスト,2
E03274,75200,8012801001936,株式会社エコス,2
E21951,,9010001120408,株式会社商工組合中央金庫,2
E06005,,,欧州投資銀行,2
E07515,,,後藤　薫徳,2
E35285,,,簗島　亮次,2
E11701,,2010001120389,株式会社日本政策投資銀行,2
E02927,26760,7011101012356,高千穂交易株式会社,2
E02366,79760,6010701009457,三菱鉛筆株式会社,2
E00775,40620,6200001013231,イビデン株式会社,2
E38303,,,濱中　雄大,2
E32381,35440,6430001072213,サツドラホールディングス株式会社,2
E37725,58300,3500001024507,株式会社いよぎんホールディングス,2
E26204,,5120001037082,アイビーピー株式会社,2
E04224,23840,4010601013288,ＳＢＳホールディングス株式会社,2
E24859,,,山本　正信,2
E04390,,9310001001453,長崎放送株式会社,2
E22464,,9200001019820,株式会社岐阜中濃土地建物,2
E32901,,,桑原　豊,2
E33363,,,Ｎｉｐｐｏｎ　Ｏｐｐｏｒｔｕｎｉｔｙ　Ｍａｎａｇｅｍｅｎｔ　ＬＬＣ,2
E36832,,8060005000825,学校法人ティビィシィ学院,2
E05331,23150,7010701017566,株式会社ＣＡＩＣＡ　ＤＩＧＩＴＡＬ,2
E38274,,8011101045256,ＮＨＮ　テコラス株式会社,2
E04273,92020,6010401050876,ＡＮＡホールディングス株式会社,2
E00808,41880,8010401059206,三菱ケミカルグループ株式会社,2
E03672,,7020001011062,株式会社神奈川銀行,2
E20029,,,松本　敬三郎,2
E38305,,,東京大元持株会　理事長　宮﨑雅晴,2
E27122,,,村井　雄司,2
E23518,,,矢吹　満,2
E38343,,,ＴＪ２０１５．ＦＵＮＤ　ＬＰ,2
E24747,,,ノムラ・ヨーロッパ・ファイナンス・エヌ・ブイ　（Ｎｏｍｕｒａ　Ｅｕｒｏｐｅ　Ｆｉｎａｎｃｅ　Ｎ．Ｖ．）,2
E23995,,,Ｊｏｈｏ　Ｃａｐｉｔａｌ，　Ｌ．Ｌ．Ｃ．,2
E22749,,8011001045050,志太ホールディングス株式会社,2
E26705,,7010601043423,ディー・ティー・ホールディングス株式会社,2
E05725,30920,4040001010503,株式会社ＺＯＺＯ,2
E08827,,,ダルトン・インベストメンツ・エルエルシー,2
E38344,,4010403015128,Ｇｌｏｂａｌ　Ｃａｔａｌｙｓｔ　Ｖｅｎｔｕｒｅ　Ｍａｎａｇｅｍｅｎｔ　Ｊａｐａｎ合同会社,2
E38179,,9010001230223,ＴＴＣホールディングス株式会社,2
E35317,,4011001103679,シリアルインキュベート株式会社,2
E30863,,8010701022466,ＪＡ三井リース株式会社,2
E10670,,2010001066608,シンプレクス・アセット・マネジメント株式会社,2
E34251,,,樋口　龍,2
E04411,,8290001005441,株式会社　テレビ西日本,2
E21708,,4100001016601,ユニオン投信株式会社,2
E14900,,,ＵＢＳファンド・マネジメント（ルクセンブルグ）エス・エイ,2
E00956,,7010001012986,大塚製薬株式会社,2
E00097,18130,4010001141053,株式会社不動テトラ,2
E35917,,,キャピタル・アールイー・エルエルシー,2
E04235,91010,7010001023785,日本郵船株式会社,2
E38327,,1010401016618,大東建託パートナーズ株式会社,2
E36992,,1010001081038,ＨＣアセットマネジメント株式会社,2
E03144,98430,5430001012905,株式会社ニトリホールディングス,2
E04788,85930,4010001049866,三菱ＨＣキャピタル株式会社,2
E32992,39810,3010401109114,株式会社ビーグリー,2
E08402,,,中井　清和,2
E03833,,3011001027739,あいおいニッセイ同和損害保険株式会社,2
E31744,,5010001076579,株式会社ＧＣＩアセット・マネジメント,2
E21970,,,ＵＴＩインターナショナル（シンガポール）・プライベート・リミテッド,2
E03842,,6010001024000,トーア再保険株式会社,2
E00487,29110,5100001022185,旭松食品株式会社,2
E14857,,,エスエムティー・ファンド・サービシーズ（アイルランド）リミテッド,2
E00187,97670,1011101015686,日建工学株式会社,2
E03824,,6010001008795,三井住友海上火災保険株式会社,2
E38266,,,福野　泰介,2
E38255,,,岸　周平,2
E03137,82270,6030001004272,株式会社しまむら,2
E27426,,2010901027584,株式会社ポートフォリア,2
E03287,75450,6140001060486,株式会社西松屋チェーン,2
E34542,,,クレディ・スイス・ファンド・マネジメント・エスエイ,2
E36751,92470,2010001221609,ＴＲＥホールディングス株式会社,2
E05685,,9010401077017,株式会社タケエイ,2
E22658,,8120001102627,グローバルリンクアドバイザーズ株式会社,2
E14924,,,ＭＵＦＧルクスマネジメントカンパニーＳ．Ａ．,2
E01253,54630,5120001047593,丸一鋼管株式会社,2
E33597,,,宮地　正剛,2
E02587,80720,6010001033273,日本出版貿易株式会社,2
E00147,18600,6010001034874,戸田建設株式会社,2
E36913,,9020001105597,アクアプレコン株式会社,2
E11422,,,新美　司,2
E38345,,,ＧＭＣＭ　ＶＥＮＴＵＲＥＳ　ＰＴＥ．　ＬＴＤ．,2
E32379,,,ジーエムシーエム・ベンチャー・キャピタル・パートーズ・ワン・インク,2
E03119,82170,2170001002092,株式会社オークワ,2
E04272,92010,7010701007666,日本航空株式会社,2
E00458,22880,3120901012046,丸大食品株式会社,2
E03439,33330,7120001006861,株式会社あさひ,2
E01677,62790,7120901009526,株式会社瑞光,2
E33576,,,フランクリン・テンプルトン・インベストメント・ファンズ,2
E03415,27780,4180001086075,パレモ・ホールディングス株式会社,2
E15791,,,ダイワ・アセット・マネジメント・サービシイズ・リミテッド（ケイマン）,2
E03081,82760,3160001008726,株式会社　平和堂,2
E14840,,,アリアンツ・グローバル・インベスターズ・ゲーエムベーハー,2
E32037,,,ＵＢＳ（Ｉｒｌ）ファンド・ソリューションズ・ピーエルシー,2
E01856,69050,7230001000928,コーセル株式会社,2
E34052,43880,8010001127602,株式会社エーアイ,1
E35640,,,達城　久裕,1
E01176,53410,2120101021352,アサヒ衛陶株式会社,1
E38230,,,ＬＥＥ　ＷＯ　ＩＮＶＥＳＴＭＥＮＴ　ＧＲＯＵＰ　ＬＩＭＩＴＥＤ,1
E04517,95330,2180001022387,東邦瓦斯株式会社,1
E02057,67860,5020001030519,株式会社ＲＶＨ,1
E07839,,,村山　義男,1
E38235,,3010005035153,一般社団法人村山財産管理,1
E33613,,,工藤智昭,1
E38240,,,ＲＳ　Ｃｏｍｐａｎｙ　Ｌｔｄ．,1
E30559,,,和佐見　勝,1
E38025,,,Ｒａｙｓ　Ｃｏｍｐａｎｙ（Ｈｏｎｇ　Ｋｏｎｇ）Ｌｉｍｉｔｅｄ,1
E03286,75440,5020001027135,株式会社スリーエフ,1
E34318,45980,6480001006521,ＤｅｌｔａーＦｌｙ　Ｐｈａｒｍａ株式会社,1
E37006,92530,1010001096077,スローガン株式会社,1
E04369,93810,3120001075217,株式会社エーアイテイー,1
E33891,,5120001187191,ＳＦプロパティマネジメント株式会社,1
E01865,68260,4013201005408,本多通信工業株式会社,1
E31536,,,川西　徹,1
E03565,83650,9230001011196,株式会社　富山銀行,1
E01993,69180,6012301000127,株式会社アバールデータ,1
E02958,27680,5010401049977,双日株式会社,1
E01607,64790,8100001007753,ミネベアミツミ株式会社,1
E04506,95080,4290001007004,九州電力株式会社,1
E32679,91420,6290001012621,九州旅客鉄道株式会社,1
E23808,,,アーチザン・インベストメンツ・ジーピー・エルエルシー,1
E34850,,,比木　武,1
E30060,,2011001016726,株式会社中島董商店,1
E00250,17990,4110001002922,第一建設工業株式会社,1
E04148,90210,1120001059675,西日本旅客鉄道株式会社,1
E32450,,1010005025065,三井不動産ロジスティクスパーク投資法人,1
E37894,,,ＢＣＰＥ　Ｂｒｏｎｚｅ　Ｃａｙｍａｎ，　Ｌ．Ｐ．,1
E33621,,2180001129827,Ｇｅｎｓ　Ｇｌｏｂａｌ株式会社,1
E33263,,9180002065899,株式会社光和,1
E01542,63610,1010801001748,株式会社荏原製作所,1
E27798,,1011001094327,株式会社ワイ,1
E33607,,,藪ノ　賢次,1
E35334,76860,2011501000964,株式会社カクヤスグループ,1
E30267,,,Ｃｏｒｎｗａｌｌ　Ｃａｐｉｔａｌ　Ｍａｎａｇｅｍｅｎｔ　ＬＰ,1
E03457,33720,8120001130719,株式会社関門海,1
E34245,,,Ｏｌｄ　Ｐｅａｋ　Ｇｒｏｕｐ　Ｌｔｄ．,1
E08939,,,スプラウスグローブインベストメントマネジメントリミテッド,1
E01317,59380,5010601004914,株式会社ＬＩＸＩＬ,1
E05712,21600,4011101053527,株式会社ジーエヌアイグループ,1
E27333,,,長谷川　和夫,1
E12170,,,マフューズ・インターナショナル・ファンズ,1
E38057,,2180302004092,株式会社ＩＡＴ,1
E34980,,,ビーアンドアイ・キャピタル・エイジー,1
E26596,36640,4010701024945,株式会社モブキャストホールディングス,1
E06369,,8010005007932,明治安田生命保険相互会社,1
E37828,,,ジュピター・ディープ・バリュー・パートナーズ・エルエルシー,1
E10390,,2010401077766,グローバル・ブレイン株式会社,1
E32721,,,永田浩一,1
E05625,21240,1010001019483,株式会社ジェイエイシーリクルートメント,1
E02652,80350,4010401020757,東京エレクトロン株式会社,1
E06241,,,アライアンス・バーンスタイン・エル・ピー,1
E37145,44190,8010001157847,株式会社Ｆｉｎａｔｅｘｔホールディングス,1
E32692,,1010001174683,第一生命保険株式会社,1
E08056,,,梅田　威男,1
E10292,,,バーガンディ・アセット・マネジメント・リミテッド,1
E02086,66760,6180001048602,株式会社メルコホールディングス,1
E04034,89380,7012801003743,グローム・ホールディングス株式会社,1
E06477,,5010001030858,ＢｏｆＡ証券株式会社,1
E04706,,7011101044374,株式会社　高滝リンクス倶楽部,1
E00024,57060,7010701011370,三井金属鉱業株式会社,1
E37692,,1120001216425,株式会社ＳＣＰ,1
E05928,,,エア・リキード・エス・エー（Ｌ’ＡＩＲ　ＬＩＱＵＩＤＥ　Ｓ．Ａ．）,1
E38055,,,細川　馨,1
E04092,90080,3011101005999,京王電鉄株式会社,1
E01532,63010,1010401010455,株式会社小松製作所,1
E38174,,,原田　恵吾,1
E05913,,,ジンマー・バイオメット・ホールディングス・インク,1
E32863,,,有本　隆浩,1
E35589,44960,7010001101896,株式会社コマースＯｎｅホールディングス,1
E11648,,,ラザード・アセット・マネージメント・エルエルシー,1
E31546,,,ＫＯＰＥＲＮＩＫ　ＧＬＯＢＡＬ　ＩＮＶＥＳＴＯＲＳ，　ＬＬＣ,1
E11432,,,清水　洋二,1
E03560,,7110001000007,株式会社第四北越銀行,1
E37498,,,ウィッシュボーンマネジメント　リミテッド・パートナーシップ,1
E01510,61550,6220001009228,高松機械工業株式会社,1
E38045,,,矢澤　俊一,1
E22357,,,横田　大輔,1
E31598,,,ＲＵＳＳＥＬＬ　ＩＮＶＥＳＴＭＥＮＴＳ　ＩＭＰＬＥＭＥＮＴＡＴＩＯＮ　ＳＥＲＶＩＣＥＳ，　ＬＬＣ,1
E35192,,,丸山　侑佑,1
E38156,,1010001140223,株式会社サイフューズ,1
E12046,,6010001058171,三田証券株式会社,1
E31276,39060,5011001045086,株式会社ＡＬＢＥＲＴ,1
E34223,,,ＢＦＡＭ　Ｐａｒｔｎｅｒｓ　（Ｈｏｎｇ　Ｋｏｎｇ）　Ｌｉｍｉｔｅｄ,1
E00987,45720,8140001022724,カルナバイオサイエンス株式会社,1
E36277,,,大西　泰平,1
E27066,60710,9010001107009,株式会社ＩＢＪ,1
E01726,62680,3010001142283,ナブテスコ株式会社,1
E38242,,1010401136556,ＪＣインベストメント株式会社,1
E05097,47650,9010401049949,モーニングスター株式会社,1
E08707,,9011001026405,モルガン・スタンレー・インベストメント・マネジメント株式会社,1
E04580,,3110001022475,株式会社コープビル,1
E05842,,,シスコ・システムズ・インク,1
E30744,,3010401073112,日本エンジェルズ・インベストメント株式会社,1
E37172,,,飯田　邦彦,1
E04588,96310,8011101014005,株式会社東急レクリエーション,1
E07076,,,木村重夫,1
E35706,,,木村勇斗,1
E02407,79500,8180001081246,日本デコラックス株式会社,1
E01073,50080,2020001073982,東亜石油株式会社,1
E27202,31810,8180001071932,株式会社買取王国,1
E38241,,4190001013350,株式会社諸戸ホールディングス,1
E02090,66700,9030001052005,株式会社ＭＣＪ,1
E00867,78860,8030001059463,ヤマト・インダストリー株式会社,1
E30291,,7010005021694,ヒューリックリート投資法人,1
E04230,90280,4020001079978,株式会社ゼロ,1
E13445,,4010405002909,オリックス不動産投資法人,1
E33577,65640,6080401005304,株式会社ミダックホールディングス,1
E37176,92110,7011101050802,株式会社エフ・コード,1
E26258,,,福岡靖介,1
E33877,,,磯崎　功典,1
E38232,,,堀口　英樹,1
E32854,45960,3011001108646,窪田製薬ホールディングス株式会社,1
E26966,32800,4250001005176,株式会社エストラスト,1
E04681,,3040001059863,株式会社房総カントリークラブ,1
E02994,33920,8011801015921,デリカフーズホールディングス株式会社,1
E31658,,9010001142187,昭和リース株式会社,1
E03302,,3012401007462,オリジン東秀株式会社,1
E32811,,6010001070226,グレイステクノロジー株式会社,1
E03584,,1260001006093,株式会社中国銀行,1
E03196,99420,3320001001417,株式会社ジョイフル,1
E33624,71990,8010001168159,プレミアグループ株式会社,1
E35535,50700,1011001067646,株式会社ドラフト,1
E00904,46350,8011501003045,東京インキ株式会社,1
E35099,,3010001160723,ＤＣＩパートナーズ株式会社,1
E09681,,,澤田　秀雄,1
E31543,,,メドトロニック・パブリック・リミテッド・カンパニー,1
E05550,24690,8010401025232,ヒビノ株式会社,1
E38015,,,西川　三郎,1
E36903,,,石原　紀彦,1
E05599,24890,7011101041652,株式会社アドウェイズ,1
E04614,,9080101005279,株式会社芦の湖カントリークラブ,1
E35610,73670,8011001112552,株式会社セルム,1
E06459,,2700150002748,ユービーエス・エイ・ジー（銀行）,1
E11048,,1080001002318,鈴与商事株式会社,1
E08801,,3290001024702,株式会社ウェルホールディングス,1
E04656,,7480001005076,鳴門ゴルフ株式会社,1
E38279,,3330001022453,株式会社松濤,1
E35943,,,グランサム、マヨ、ヴァン　オッテルロー　アンド　カンパニー　エルエルシー,1
E37107,,,Ｐａｒｓｉｆａｌ　Ｃａｐｉｔａｌ　Ｍａｎａｇｅｍｅｎｔ，　ＬＰ,1
E11189,,,水永　政志,1
E36690,,,三浦　陽平,1
E36346,,3010401151289,ＮＴＴ・ＴＣリース株式会社,1
E38142,,,山本　浩司,1
E01321,57570,7230001010051,株式会社ＣＫサンエツ,1
E33469,,1010001146146,三井住友トラスト・パナソニックファイナンス株式会社,1
E00428,26020,1010001034887,日清オイリオグループ株式会社,1
E01597,64610,8030001006457,日本ピストンリング株式会社,1
E38140,,,前田　佳宏,1
E38221,,3010001094871,ＪＡＩＣシードキャピタル株式会社,1
E04336,91930,7020001027926,東京汽船株式会社,1
E35631,29860,1010401153766,株式会社ＬＡホールディングス,1
E04399,94080,5110001004521,株式会社　新潟放送,1
E14079,,2290005003793,福岡リート投資法人,1
E32151,,6010001169910,ＪＰ投信株式会社,1
E00356,21090,1010001034929,ＤＭ三井製糖ホールディングス株式会社,1
E37700,,,布山　高士,1
E32969,,6010001082997,日本住宅ローン株式会社,1
E30965,,,グランジャー・ピーク・グローバル・アドバイザーズ・エルエルシー,1
E00920,45030,5010001034966,アステラス製薬株式会社,1
E26444,60620,5120001109492,株式会社チャーム・ケア・コーポレーション,1
E04677,,4240001040133,御調観光開発株式会社,1
E03462,33820,1010001095203,株式会社セブン＆アイ・ホールディングス,1
E31931,,1011105006979,野村不動産マスターファンド投資法人,1
E27884,,2010005021096,Ｏｎｅリート投資法人,1
E32042,,2010005024495,ラサールロジポート投資法人,1
E33350,,5010005025573,三菱地所物流リート投資法人,1
E34684,,7010005029390,サンケイリアルエステート投資法人,1
E34083,,6010405016072,タカラレーベン不動産投資法人,1
E00390,33460,3010001067927,２１ＬＡＤＹ株式会社,1
E01797,67940,8012801002521,フォスター電機株式会社,1
E05481,94250,2120001072917,日本テレホン株式会社,1
E36919,,,土井　悠之介,1
E32689,,,新野　良介,1
E27894,39090,2010401036607,株式会社ショーケース,1
E22222,,,福井　康人,1
E36920,,,伊藤　翔太,1
E02083,67210,3020001025396,ウインテスト株式会社,1
E01880,69230,2013201003041,スタンレー電気株式会社,1
E34110,,,マルチ・マネージャー・アクセスⅡ,1
E25766,,,クイーンズゲート・バンク・アンド・トラスト・カンパニー・リミテッド,1
E02438,59820,3010501014528,株式会社マルゼン,1
E15099,,,ＦＣインベストメント・リミテッド,1
E14404,,1010005009225,日本アコモデーションファンド投資法人,1
E02556,,3120001077411,小泉株式会社,1
E09507,,2011101038876,株式会社ベストライフ,1
E36397,,3011101046861,株式会社ベストライフホールディングス,1
E02045,68400,9010001101820,株式会社ＡＫＩＢＡホールディングス,1
E38193,,,鳥生格,1
E04608,,7010001058757,株式会社明治座,1
E30390,,,大原　茂,1
E34394,,,勝本　竜二,1
E35467,,1010401009869,ワイドフレンズ株式会社,1
E37991,,7010401098601,株式会社協栄情報,1
E38194,,,高橋和久,1
E05792,,,ドイツ銀行,1
E14832,,,インベスコ・ファンズ,1
E14109,,3010405006092,ケネディクス・オフィス投資法人,1
E04005,89090,3290001020676,株式会社シノケングループ,1
E03861,,3120001066364,ダイビル株式会社,1
E07284,,3010902024209,有限会社ハット企画,1
E23929,,8010701012938,株式会社旭興産,1
E32598,,,髙橋　伸彰,1
E35057,,3010005002343,学校法人駿河台学園,1
E34891,,9320001006914,株式会社ＪＴＣ,1
E01084,50190,9010001011318,出光興産株式会社,1
E35064,,3020001104596,株式会社ＪＫＭＴファイナンス,1
E35473,,,中谷　正和,1
E04675,,8330001009140,菊陽緑化興産株式会社,1
E33610,93880,9030001067804,株式会社パパネッツ,1
E35421,,,田中　敦史,1
E31121,,,元榮　太一郎,1
E06581,,9010401049321,株式会社メタルワン,1
E31574,31370,5011501004062,株式会社ファンデリー,1
E07859,,2010002013377,株式会社原島不動産,1
E04510,95130,6010001050764,電源開発株式会社,1
E21381,21800,1011001044042,株式会社サニーサイドアップグループ,1
E00728,94780,8011101028203,ＳＥホールディングス・アンド・インキュベーションズ株式会社,1
E01020,44100,9140001043348,ハリマ化成グループ株式会社,1
E03868,,9010001061271,株式会社東京建設会館,1
E38177,,3110005014799,公益財団法人　敦井奨学会,1
E04191,90720,7010001035005,ニッコンホールディングス株式会社,1
E21587,,,中村　義巳,1
E01966,69470,2020001008807,株式会社図研,1
E05096,47630,1010001101101,株式会社クリーク・アンド・リバー社,1
E38245,,,加藤　和弥,1
E00877,34070,5120001059606,旭化成株式会社,1
E05306,27490,2180001043359,株式会社ＪＰホールディングス,1
E00860,49550,4010401001187,アグロ　カネショウ株式会社,1
E03475,30280,7180001024676,株式会社アルペン,1
E04215,90510,3370801000134,センコン物流株式会社,1
E33553,39970,1010001085245,株式会社トレードワークス,1
E35415,,,中山　克成,1
E33819,34890,6013201013986,株式会社フェイスネットワーク,1
E04208,90580,5180001038918,トランコム株式会社,1
E38271,,,アクセンチュア　グローバル　ホールディングス　リミテッド,1
E02762,99410,5010001049188,太洋物産株式会社,1
E38287,,,立川　光昭,1
E34634,70490,7011001104435,株式会社識学,1
E35544,44940,6010001170604,バリオセキュア株式会社,1
E38272,,,アクセンチュア　ホールディングス　ビーブイ,1
E00693,79120,5011101012069,大日本印刷株式会社,1
E25680,,,セールスフォース・インク,1
E33426,66970,,テックポイント・インク（Ｔｅｃｈｐｏｉｎｔ，Ｉｎｃ．）,1
E38273,,,アクセンチュア　インターナショナル　ビーブイ,1
E14197,,1010005008854,大和証券オフィス投資法人,1
E12351,,,宮澤　栄一,1
E03280,75320,7013201016303,株式会社パン・パシフィック・インターナショナルホールディングス,1
E05239,43260,7010001101459,株式会社インテージホールディングス,1
E00970,45480,9010001048285,生化学工業株式会社,1
E35449,62310,9120001077892,木村工機株式会社,1
E36319,,9010401148783,ＲアンドＬホールディングス株式会社,1
E34851,73450,3020001046095,株式会社アイ・パートナーズフィナンシャル,1
E00059,18870,3010401022812,日本国土開発株式会社,1
E35096,44490,4011001073617,株式会社ギフティ,1
E25282,19090,2010701007860,日本ドライケミカル株式会社,1
E00175,18660,7100001000742,北野建設株式会社,1
E37806,,,ＧＷ＆Ｋ　ＩＮＶＥＳＴＭＥＮＴ　ＭＡＮＡＧＥＭＥＮＴ，ＬＬＣ,1
E37581,,,刀禰　真之介,1
E33863,34900,9030001073546,株式会社アズ企画設計,1
E30066,32930,1170001000122,アズマハウス株式会社,1
E03926,,5040001004289,鷹之台ゴルフ株式会社,1
E37549,,,陣　隆浩,1
E02128,70130,4010601031604,株式会社ＩＨＩ,1
E02104,37820,7180001046613,株式会社ディー・ディー・エス,1
E04777,97630,1010401028415,丸紅建材リース株式会社,1
E05556,33950,4260001004499,株式会社サンマルクホールディングス,1
E04523,95360,6290001014048,西部ガスホールディングス株式会社,1
E35567,,,ジュピター・アセット・マネジメント・リミテッド,1
E07572,,,疋田耕造,1
E21833,,7180001057833,株式会社アセットマネジメント,1
E23741,31310,2010001094897,シンデン・ハイテックス株式会社,1
E24289,,,金森　武,1
E38229,,1180001107247,株式会社ダイテックホールディング,1
E00563,35770,6180001031533,東海染工株式会社,1
E04509,95110,3360001008565,沖縄電力株式会社,1
E01644,72550,9080401001936,株式会社　桜井製作所,1
E23202,22700,8430001041570,雪印メグミルク株式会社,1
E00990,49110,1010001034813,株式会社資生堂,1
E33016,35590,9010001131479,株式会社ピーバンドットコム,1
E01061,42350,8010101002135,ウルトラファブリックス・ホールディングス株式会社,1
E04102,90410,6120001023131,近鉄グループホールディングス株式会社,1
E27087,,8010001149282,西澤管財株式会社,1
E05907,,,ルノー,1
E04933,97900,8210001002891,福井コンピュータホールディングス株式会社,1
E01740,65040,9020001071492,富士電機株式会社,1
E00885,44610,7130001017809,第一工業製薬株式会社,1
E05845,,,テルストラ・コーポレーション・リミテッド,1
E35749,,,ＯＫ　Ｈｏｌｄｉｎｇｓ　Ｃｏ．，　Ｌｔｄ．,1
E33254,65520,2010401106079,株式会社ＧａｍｅＷｉｔｈ,1
E02552,80120,4120001049021,長瀬産業株式会社,1
E02271,77310,5010001008763,株式会社ニコン,1
E35568,49320,4011201014503,株式会社アルマード,1
E05543,37790,4010401059201,ジェイ・エスコムホールディングス株式会社,1
E13756,,3010405003750,ユナイテッド・アーバン投資法人,1
E23634,21950,3010001129669,アミタホールディングス株式会社,1
E01645,64900,3120001059450,日本ピラー工業株式会社,1
E32246,,4150001010500,三和商事株式会社,1
E34294,70360,1011101066507,株式会社イーエムネットジャパン,1
E02368,,6010001032696,ＹＫＫ株式会社,1
E10081,,9122001018109,カネエム工業株式会社,1
E01207,53840,7180001045697,株式会社フジミインコーポレーテッド,1
E07754,,8011201002545,株式会社　整理回収機構,1
E05417,24110,8010101001161,ゲンダイエージェンシー株式会社,1
E24310,,6010001128172,株式会社大和インベストメント・マネジメント,1
E03405,27630,7010001089380,株式会社エフティグループ,1
E02501,80070,3010001034860,高島株式会社,1
E26580,,,長谷川　耕造,1
E02049,63370,5012801003522,株式会社テセック,1
E24558,14170,6010601040090,株式会社ミライト・ワン,1
E20870,65550,3010001152084,株式会社ＭＳ＆Ｃｏｎｓｕｌｔｉｎｇ,1
E01630,45430,3011001015116,テルモ株式会社,1
E01136,53340,3180001010845,日本特殊陶業株式会社,1
E06461,,,テンプルトン・インベストメント・カウンセル・エルエルシー,1
E04810,97490,2020001043507,富士ソフト株式会社,1
E02833,74720,9010001005600,株式会社鳥羽洋行,1
E00121,18260,9070001001420,佐田建設株式会社,1
E04589,96330,3010001035000,東京テアトル株式会社,1
E00805,41090,8120001044472,ステラケミファ株式会社,1
E00176,18980,1010401015438,世紀東急工業株式会社,1
E11210,,2010401064789,富士フイルム株式会社,1
E02389,79890,4010401017209,立川ブラインド工業株式会社,1
E00909,46230,4120001001403,株式会社アサヒペン,1
E02331,77160,1060001010545,株式会社ナカニシ,1
E27862,,8240005007769,公益財団法人渋谷育英会,1
E01603,64740,4230001002687,株式会社不二越,1
E04021,89230,8010401064940,トーセイ株式会社,1
E01478,60050,7500001003977,三浦工業株式会社,1
E01693,64850,8013201005478,前澤給装工業株式会社,1
E03180,79370,2030001021115,株式会社ツツミ,1
E05460,24320,4011001032721,株式会社ディー・エヌ・エー,1
E00635,78870,9470001003062,南海プライウッド株式会社,1
E31548,,,木村　新司,1
E30501,31910,6050001009303,株式会社ジョイフル本田,1
E05562,24970,6010401094782,ユナイテッド株式会社,1
E02380,73130,8030001044928,テイ・エス　テック株式会社,1
E00323,14010,9250001004074,株式会社エムビーエス,1
E03051,81740,9010001061924,日本瓦斯株式会社,1
E04762,85910,8010401006942,オリックス株式会社,1
E05231,43190,3010001022246,ＴＡＣ株式会社,1
E02738,98160,5010401094750,株式会社　ストライダーズ,1
E35168,,,柴原　慶一,1
E05054,47360,8010401094657,日本ラッド株式会社,1
E05273,43490,2180001022313,株式会社テスク,1
E25263,36480,2030001000011,ＡＧＳ株式会社,1
E01946,69540,3090001010053,ファナック株式会社,1
E27293,,,向井山　達也,1
E00179,18670,8110001017149,株式会社植木組,1
E05255,43350,3140001005782,株式会社アイ・ピー・エス,1
E32437,,2250001015730,ワイエムアセットマネジメント株式会社,1
E01408,59050,4030001006527,日本製罐株式会社,1
E35497,53680,1120001040610,日本インシュレーション株式会社,1
E02618,81250,5120001048550,株式会社ワキタ,1
E01114,51840,1140001010033,株式会社ニチリン,1
E36431,73630,5010401065685,株式会社ベビーカレンダー,1
E01169,52730,9210001004020,三谷セキサン株式会社,1
E02425,79080,9011101005242,株式会社きもと,1
E25850,36590,6010001081280,株式会社ネクソン,1
E14005,,6010405003021,平和不動産リート投資法人,1
E32069,22960,6011001110293,伊藤ハム米久ホールディングス株式会社,1
E00948,45590,7010001034790,ゼリア新薬工業株式会社,1
E00446,28710,8010001034889,株式会社ニチレイ,1
E05690,38490,5010001062315,日本テクノ・ラボ株式会社,1
E00263,17830,7010401066847,株式会社アジアゲートホールディングス,1
E03494,30590,9140001017855,ヒラキ株式会社,1
E25668,,,中国光大銀行股イ分有限公司,1
E04841,97090,8120001072787,ＮＣＳ＆Ａ株式会社,1
E37621,,,山口　昭彦,1
E24951,49270,4010701017916,株式会社ポーラ・オルビスホールディングス,1
E20037,,,モルガン・スタンレー・アンド・カンパニー・インターナショナル・ピーエルシー,1
E03094,81670,1250001002242,株式会社リテールパートナーズ,1
E32966,35580,5010401097274,株式会社ロコンド,1
E03688,85110,3010001034992,日本証券金融株式会社,1
E05410,24330,4010401051711,株式会社博報堂ＤＹホールディングス,1
E37996,,,田村　稔郎,1
E37714,,,徳山　明成,1
E06719,,,北村　精男,1
E04425,94330,9011101031552,ＫＤＤＩ株式会社,1
E01305,57530,1120101008623,日本伸銅株式会社,1
E37918,,,株式会社十文字チキンカンパニー,1
E01229,54080,5120001027901,株式会社中山製鋼所,1
E32760,,2120003011600,合同会社フィンテックマネジメント,1
E37084,,,堀越　浩司,1
E05650,38300,1011001064255,株式会社ギガプライズ,1
E01267,63260,1120001037978,株式会社　クボタ,1
E00776,40630,5010001008680,信越化学工業株式会社,1
E02174,72560,5021001006269,河西工業株式会社,1
E05762,,,バークレイズ・ピーエルシー,1
E01766,67020,1020001071491,富士通株式会社,1
E31026,,,合同会社リフレーミング,1
E01773,67530,6120001005484,シャープ株式会社,1
E01152,52080,1110001018789,株式会社有沢製作所,1
E02856,75250,5290001017448,リックス株式会社,1
E01202,52800,1080001010527,ヨシコン株式会社,1
E38218,,3120001042282,片山チエン株式会社,1
E01065,49750,3010501001864,株式会社ＪＣＵ,1
E37489,,,柴田　旬也,1
E00880,44030,1011001025967,日油株式会社,1
E30144,,,エーシージー・マネージメント・プライベート・リミテッド,1
E05426,84250,3010401094447,みずほリース株式会社,1
E03489,30500,4010701019160,ＤＣＭホールディングス株式会社,1
E01685,62870,7013201017276,サトーホールディングス株式会社,1
E03721,85150,3130001000082,アイフル株式会社,1
E01147,53570,8120101038845,株式会社　ヨータイ,1
E03763,87080,5010001036574,アイザワ証券グループ株式会社,1
E01100,51220,5010001000002,オカモト株式会社,1
E00436,28020,8010001034740,味の素株式会社,1
E01678,64810,3010701006176,ＴＨＫ株式会社,1
E04501,95060,4370001011311,東北電力株式会社,1
E01977,68620,9020001009369,ミナトホールディングス株式会社,1
E20616,34790,7010001105955,株式会社ティーケーピー,1
E01580,63730,4220001013264,大同工業株式会社,1
E25648,21170,2010001142672,日新製糖株式会社,1
E01096,51420,7011101000682,アキレス株式会社,1
E36723,50760,3010001221541,インフロニア・ホールディングス株式会社,1
E23582,,8010001120391,株式会社日本政策金融公庫,1
E12141,,,田中秀夫,1
E00043,16050,7010401078520,株式会社ＩＮＰＥＸ,1
E05695,21540,5010401078571,株式会社夢真ビーネックスグループ,1
E31762,,,長野　貴浩,1
E04583,96020,3010001008708,東宝株式会社,1
E00818,42020,4120001125937,株式会社ダイセル,1
E01873,67240,4011101010841,セイコーエプソン株式会社,1
E04874,97870,1120001081381,イオンディライト株式会社,1
E05739,36260,2010001134133,ＴＩＳ株式会社,1
E05539,33930,6011101036075,スターティアホールディングス株式会社,1
E32221,,7010401108137,みさき投資株式会社,1
E00879,41180,8120001059628,株式会社カネカ,1
E04823,97600,5430001007277,株式会社　進学会ホールディングス,1
E37719,92290,9220001010117,株式会社サンウェルズ,1
E05504,94280,6180001029354,株式会社クロップス,1
E00530,31090,7120001077432,シキボウ株式会社,1
E01659,59460,8250001005924,株式会社長府製作所,1
E01663,63640,4110001016088,北越工業株式会社,1
E05354,23740,5010001078518,セントケア・ホールディング株式会社,1
E03587,83880,5480001000070,株式会社阿波銀行,1
E01650,64570,5140001058614,グローリー株式会社,1
E00695,79140,8010001002136,共同印刷株式会社,1
E04869,96580,3010401088688,株式会社ビジネスブレイン太田昭和,1
E04804,97440,1180001027412,株式会社メイテック,1
E00820,42040,1120001059650,積水化学工業株式会社,1
E01195,53880,6010001015098,クニミネ工業株式会社,1
E01016,,6010001043479,株式会社合同資源,1
E00395,25030,5010001034768,キリンホールディングス株式会社,1
E02580,80810,7010401007116,株式会社カナデン,1
E01373,59230,8120001038994,高田機工株式会社,1
E01413,59300,3010001088907,文化シヤッター株式会社,1
E00520,30020,7130001041734,グンゼ株式会社,1
E31336,39080,6010001076248,株式会社コラボス,1
E01032,79270,8200001007025,ムトー精工株式会社,1
E25234,36080,3010001140386,株式会社ＴＳＩホールディングス,1
E00944,45300,7300001006281,久光製薬株式会社,1
E31093,39040,7021001010079,株式会社カヤック,1
E03938,88440,2010401094621,株式会社コスモスイニシア,1
E37223,,,平岡　秀一,1
E01008,42120,9120001059651,積水樹脂株式会社,1
E35013,,5120001221066,日本投資株式会社,1
E04218,90390,6120101002720,株式会社サカイ引越センター,1
E31354,39130,5010001132290,株式会社ｓＭｅｄｉｏ,1
E02530,80410,2120001036970,ＯＵＧホールディングス株式会社,1
E01045,49660,8120001077365,上村工業株式会社,1
E00265,,1010001024087,東光電気工事株式会社,1
E01150,53520,3290801009910,黒崎播磨株式会社,1
E33232,39860,7010701013986,株式会社ビーブレイクシステムズ,1
E32146,35370,4120001015147,昭栄薬品株式会社,1
E04158,90810,6021001036307,神奈川中央交通株式会社,1
E00765,40280,9120001048976,石原産業株式会社,1
E04612,,9210001007270,福井県観光開発株式会社,1
E03756,86090,1010001034747,株式会社岡三証券グループ,1
E00590,35910,5130001012084,株式会社ワコールホールディングス,1
E00836,42720,3010001016850,日本化薬株式会社,1
E30130,60880,6010401075873,株式会社シグマクシス・ホールディングス,1
E01000,42180,5010001000010,ニチバン株式会社,1
E34137,52900,4010001195330,株式会社ベルテクスコーポレーション,1
E27294,25880,9090001010626,株式会社プレミアムウォーターホールディングス,1
E00514,28190,5020001022870,エバラ食品工業株式会社,1
E04283,93010,8010001034947,三菱倉庫株式会社,1
E04285,93030,7120001049002,株式会社住友倉庫,1
E00232,19050,7010401018815,株式会社テノックス,1
E03815,86980,8010001089066,マネックスグループ株式会社,1
E05438,84240,3010001028689,芙蓉総合リース株式会社,1
E00168,19820,9010401025405,日比谷総合設備株式会社,1
E05242,87390,4010701012248,スパークス・グループ株式会社,1
E01355,59110,9010401030578,株式会社横河ブリッジホールディングス,1
E27512,,7240002018497,ロイヤル観光有限会社,1
E01758,65170,4010001105371,デンヨー株式会社,1
E33603,42490,9010401054420,森六ホールディングス株式会社,1
E00923,45070,9120001077430,塩野義製薬株式会社,1
E38075,,4010001220393,農林中金キャピタル株式会社,1
E24050,50200,9010001131743,ＥＮＥＯＳホールディングス株式会社,1
E00898,40950,1010001034994,日本パーカライジング株式会社,1
E02257,73090,3120101003399,株式会社シマノ,1
E00544,31050,6010001034882,日清紡ホールディングス株式会社,1
E04353,93660,5010401011846,株式会社サンリツ,1
E02525,80740,5010001034958,ユアサ商事株式会社,1
E00562,35690,9210001001785,セーレン株式会社,1
E05872,,,オーストラリア・コモンウェルス銀行,1
E00056,18610,1210001001082,株式会社　熊谷組,1
E04926,46650,3120901007178,株式会社ダスキン,1
E04708,,9180001044268,株式会社京ヶ野ゴルフ倶楽部,1
E00832,46200,1011401007292,藤倉化成株式会社,1
E01656,79860,1010501003516,日本アイ・エス・ケイ株式会社,1
E33026,39840,9011001069346,株式会社ユーザーローカル,1
E00678,81130,8500001014833,ユニ・チャーム株式会社,1
E36660,42000,5010601050033,株式会社ＨＣＳホールディングス,1
E03139,98310,4070001011201,株式会社ヤマダホールディングス,1
E08051,,8010402032814,有限会社光パワー,1
E01765,67010,7010401022916,日本電気株式会社,1
E01412,59590,7010601009878,岡部株式会社,1
E00840,41830,4010401052081,三井化学株式会社,1
E36104,,,ＮＩＰＰＯＮ　ＡＣＴＩＶＥ　ＶＡＬＵＥ　ＦＵＮＤ　ＰＬＣ,1
E35330,44870,9011301020099,株式会社スペースマーケット,1
E37410,,,タイヨウ・パシフィック・パートナーズ・エルピー,1
E25682,36530,5010001090118,株式会社モルフォ,1
E03753,86010,4010001008855,株式会社大和証券グループ本社,1
E01815,68040,4122001020003,ホシデン株式会社,1
E02608,81290,4010901008153,東邦ホールディングス株式会社,1
E38013,,,野澤　俊通,1
E10850,,,コロンビア・ワンガー・アセット・マネジメント・エルエルシー,1
E04815,97530,5010401047403,アイエックス・ナレッジ株式会社,1
E32899,,,鈴木　浩之,1
E00913,46260,3011601003833,太陽ホールディングス株式会社,1
E00094,19510,3011001031955,エクシオグループ株式会社,1
E00767,40420,5250001010002,東ソー株式会社,1
E05001,46900,4120001072956,日本パレットプール株式会社,1
E01761,63330,3140001039376,株式会社帝国電機製作所,1
E34406,,4011101010726,住友三井オートサービス株式会社,1
E02204,72790,1140001081875,株式会社ハイレックスコーポレーション,1
E01995,69150,5010001050385,千代田インテグレ株式会社,1
E00329,14140,8010001135778,ショーボンドホールディングス株式会社,1
E00542,31100,4380001001146,日東紡績株式会社,1
E36498,73470,8010001219432,株式会社マーキュリアホールディングス,1
E37613,,7010001177334,株式会社シンシア工務店,1
E12148,,,マフューズ・インターナショナル・キャピタル・マネージメント・エルエルシー,1
E01988,69290,2270001000573,日本セラミック株式会社,1
E00528,31060,4260001013120,倉敷紡績株式会社,1
E02373,79810,5120001015344,タカラスタンダード株式会社,1
E30184,,,梅田　源,1
E38298,,6180001153773,株式会社梅田事務所,1
E00897,46170,1240001028478,中国塗料株式会社,1
E00935,45210,4010001000003,科研製薬株式会社,1
E02578,80590,5010001008714,第一実業株式会社,1
E00718,,6120001059605,株式会社朝日新聞社,1
E00947,45340,9011101021173,持田製薬株式会社,1
E00770,40450,5010401020186,東亞合成株式会社,1
E25206,36460,9010001092069,株式会社駅探,1
E02424,64190,7011101019888,株式会社マースグループホールディングス,1
E01261,54230,8010001008819,東京製鐵株式会社,1
E37785,58320,,株式会社ちゅうぎんフィナンシャルグループ,1
E35044,,,木谷　高明,1
E04817,97570,1120001069955,株式会社船井総研ホールディングス,1
E34954,70660,8180001056958,株式会社ピアズ,1
E00708,39480,5010101003318,光ビジネスフォーム株式会社,1
E27016,49290,2140001015675,株式会社アジュバンホールディングス,1
E03184,99190,4140001078191,株式会社関西フードマーケット,1
E37175,44180,6010001193638,株式会社ＪＤＳＣ,1
E03020,82420,1120001059683,エイチ・ツー・オー　リテイリング株式会社,1
E00962,45470,1100001012982,キッセイ薬品工業株式会社,1
E01612,63930,7021001028468,油研工業株式会社,1
E00886,44090,5010001034850,東邦化学工業株式会社,1
E04960,75020,5010001028349,株式会社プラザクリエイト本社,1
E37120,,1010401055228,株式会社エム・クレド,1
E38036,,8011001103683,株式会社ＰＯＰＥＲ,1
E01921,68530,6012401007567,株式会社共和電業,1
E35915,,,森田　晴彦,1
E31216,60360,3180001094120,ＫｅｅＰｅｒ技研株式会社,1
E25867,36560,7010401041924,ＫＬａｂ株式会社,1
E37886,,,香港幻電有限会社,1
E00857,79580,2011501003026,天馬株式会社,1
E02185,56440,9160001013183,株式会社メタルアート,1
E01599,64630,3010001034852,ＴＰＲ株式会社,1
E00829,78710,4210001003266,フクビ化学工業株式会社,1
E01504,61430,3020001020736,株式会社ソディック,1
E01400,59760,1010701003241,高周波熱錬株式会社,1
E01516,62050,7140001080310,ニデックオーケーケー株式会社,1
E12267,,,野坂　英吾,1
E04151,,3010501015419,首都圏新都市鉄道株式会社,1
E02307,68590,7120001059661,エスペック株式会社,1
E26572,,4011005003537,アクティビア・プロパティーズ投資法人,1
E02427,79060,4010001008228,ヨネックス株式会社,1
E00481,29080,9140001010604,フジッコ株式会社,1
E01752,66440,6010701001918,大崎電気工業株式会社,1
E08003,,,大谷喜一,1
E01714,63280,5010001039024,荏原実業株式会社,1
E34018,65800,1011001041171,株式会社ライトアップ,1
E02813,74410,4340001004160,株式会社Ｍｉｓｕｍｉ,1
E26837,,6010001145977,株式会社国際協力銀行,1
E02966,33160,6011001039962,東京日産コンピュータシステム株式会社,1
E03235,74190,4021001013588,株式会社ノジマ,1
E05533,24610,7011001035606,株式会社ファンコミュニケーションズ,1
E33629,,,ケイン・アンダーソン・ラドニック・インベストメント・マネジメント・エルエルシー,1
E02759,99290,5120001089074,平和紙業株式会社,1
E38267,,8120901036965,株式会社Ｍホールディングス,1
E38297,,,真鍋　守利,1
E38296,,,真鍋　妙,1
E38295,,,真鍋　光,1
E26234,,,龍　潤生,1
E02069,67370,8220001009300,ＥＩＺＯ株式会社,1
E01892,69020,9180301014251,株式会社デンソー,1
E04237,91070,8140001005720,川崎汽船株式会社,1
E30682,60960,8011001064760,株式会社レアジョブ,1
E01003,41850,6010401082746,ＪＳＲ株式会社,1
E38331,,,ラクテン・キャピタル・エス・シー・エスピー,1
E00769,40440,4250001003329,セントラル硝子株式会社,1
E37366,,,髙品　政明,1
E05497,37750,1010701022159,株式会社ガイアックス,1
E36755,,,吉村　公孝,1
E05496,37730,5013301017946,株式会社アドバンスト・メディア,1
E04861,96820,9010401018458,株式会社ＤＴＳ,1
E03736,,6040001013529,株式会社日産フィナンシャルサービス,1
E27368,,2010005015164,プロロジス・プロパティ・ジャパン特定目的会社,1
E04321,93510,7010001034865,東洋埠頭株式会社,1
E05163,48260,1020001015606,株式会社ＣＩＪ,1
E01058,49940,2030001031015,大成ラミック株式会社,1
E00073,19410,9240001006971,株式会社中電工,1
E01755,66450,1130001016824,オムロン株式会社,1
E01584,63170,4240001034184,株式会社北川鉄工所,1
E02645,81180,8130001017089,株式会社　キング,1
E04331,80970,2010701003604,三愛オブリ株式会社,1
E04764,97650,9013201001170,株式会社オオバ,1
E00041,16620,3010001108219,石油資源開発株式会社,1
E00322,17210,3010701014889,コムシスホールディングス株式会社,1
E00107,19610,2010001008683,三機工業株式会社,1
E01480,61010,3010001101264,株式会社ツガミ,1
E04555,,5010001029578,株式会社丸ノ内ホテル,1
E02231,72660,1180001080700,株式会社今仙電機製作所,1
E02423,79170,6011101056965,藤森工業株式会社,1
E05771,,,ビーピー・ピーエルシー,1
E27298,,9190001020763,株式会社桑名カントリー倶楽部,1
E02602,80660,7210001004022,三谷商事株式会社,1
E00304,17360,8010601001272,株式会社　オーテック,1
E00703,79150,9130001023441,ＮＩＳＳＨＡ株式会社,1
E34699,70590,7180001059094,株式会社コプロ・ホールディングス,1
E04398,,9480001000851,四国放送株式会社,1
E27759,32910,2012701012287,飯田グループホールディングス株式会社,1
E00771,40460,4120001049013,株式会社大阪ソーダ,1
E00569,35710,8180001084265,株式会社ソトー,1
E02639,81150,5130001019030,ムーンバット株式会社,1
E01047,49670,4120001077402,小林製薬株式会社,1
E01777,67580,5010401067252,ソニーグループ株式会社,1
E03856,88020,2010001008774,三菱地所株式会社,1
E35542,66130,8020001085428,株式会社ＱＤレーザ,1
E31436,39140,3430001027574,ＪＩＧ－ＳＡＷ株式会社,1
E35496,48880,5120001124194,ステラファーマ株式会社,1
E33535,14430,2011301023802,技研ホールディングス株式会社,1
E02054,67890,2080401005893,ローランド　ディー．ジー．株式会社,1
E03752,86040,7010001034881,野村ホールディングス株式会社,1
E34902,,,伊達　晃洋,1
E00317,17190,2010401051696,株式会社安藤・間,1
E02797,74250,2180001039869,初穂商事株式会社,1
E00828,49960,1010501016022,クミアイ化学工業株式会社,1
E34431,,,井上　弘,1
E01496,61350,7013201005504,株式会社　牧野フライス製作所,1
E33882,92720,7010701023374,ブティックス株式会社,1
E00204,19140,9120001072753,日本基礎技術株式会社,1
E04958,46450,2040001025619,株式会社市進ホールディングス,1
E01260,54460,9110001023162,北越メタル株式会社,1
E05477,24360,4010001041427,共同ピーアール株式会社,1
E02070,67360,5180001087444,サン電子株式会社,1
E31167,31320,9020001110309,マクニカホールディングス株式会社,1
E02749,99080,9010501010505,日本電計株式会社,1
E03867,88180,6120001078852,京阪神ビルディング株式会社,1
E26601,,,田　泰夫,1
E02761,99340,1120001041352,因幡電機産業株式会社,1
E04161,90850,4430001050451,北海道中央バス株式会社,1
E00630,78980,4240001027972,株式会社ウッドワン,1
E02780,99870,1180001017009,株式会社スズケン,1
E11661,62380,3011001049510,フリュー株式会社,1
E02802,74330,7011101017256,伯東株式会社,1
E05350,23710,9011001065997,株式会社カカクコム,1
E02664,81410,3010701019351,新光商事株式会社,1
E01086,51080,3010001034943,株式会社ブリヂストン,1
E00545,31210,7010001101599,マーチャント・バンカーズ株式会社,1
E00893,46130,5140001048243,関西ペイント株式会社,1
E03013,82330,5120001077467,株式会社髙島屋,1
E04345,93640,6140001006951,株式会社上組,1
E00949,45360,5120001051819,参天製薬株式会社,1
E36706,91470,5010001223668,ＮＩＰＰＯＮ　ＥＸＰＲＥＳＳホールディングス株式会社,1
E04837,97150,3011001041302,トランス・コスモス株式会社,1
E00052,18010,4011101011880,大成建設株式会社,1
E01953,69630,9130001000052,ローム株式会社,1
E05199,42860,1011001025439,株式会社ＣＬホールディングス,1
E31633,49800,4010001147620,デクセリアルズ株式会社,1
E01751,65130,3013301003097,株式会社オリジン,1
E35504,44920,7011101011259,株式会社ゼネテック,1
E01092,51950,5140001013916,バンドー化学株式会社,1
E01831,68090,3140001005675,ＴＯＡ株式会社,1
E01897,67060,4010001008723,電気興業株式会社,1
E05314,23370,1010001068118,いちご株式会社,1
E05319,23440,4021001037562,平安レイサービス株式会社,1
E00593,80110,1010401075845,株式会社三陽商会,1
E05817,,,マイクロソフトコーポレーション,1
E05840,,,インテル・コーポレーション,1
E04001,89030,7010401032337,株式会社サンウッド,1
E03519,30880,2040001040238,株式会社マツキヨココカラ＆カンパニー,1
E21142,,7010902019147,有限会社神田コンサルティング,1
E00397,25330,2010001034770,オエノンホールディングス株式会社,1
E33491,78070,4120101002219,株式会社幸和製作所,1
E37292,92140,3011101068278,Ｒｅｃｏｖｅｒｙ　Ｉｎｔｅｒｎａｔｉｏｎａｌ株式会社,1
E04460,94360,5360001000413,沖縄セルラー電話株式会社,1
E01256,55630,9010001035003,新日本電工株式会社,1
E01131,53550,9011001018113,日本坩堝株式会社,1
E04358,96030,6011101002696,株式会社エイチ・アイ・エス,1
E30881,31950,9011101032971,株式会社ジェネレーションパス,1
E05892,,,アドビ・インク,1
E37508,92180,2010701026514,株式会社メンタルヘルステクノロジーズ,1
E01673,62730,3010001097635,ＳＭＣ株式会社,1
E02227,72710,1190001008733,株式会社安永,1
E05679,38390,8120001092926,株式会社ＯＤＫソリューションズ,1
E01947,68100,9120901001761,マクセル株式会社,1
E26428,60580,6010401027065,株式会社ベクトル,1
E04816,97550,2010001034531,応用地質株式会社,1
E10614,,,金光　俊明,1
E32181,35380,8010801017606,株式会社ウイルプラスホールディングス,1
E33702,43920,4320001016471,ＦＩＧ株式会社,1
E02166,72670,6010401027577,本田技研工業株式会社,1
E04687,,4030001071843,株式会社東松山カントリークラブ,1
E05031,,8010601027383,トヨタファイナンス株式会社,1
E05560,24750,5140001062244,ＷＤＢホールディングス株式会社,1
E37546,92190,8011001092828,株式会社ギックス,1
E31024,34520,2010401078582,株式会社ビーロット,1
E32044,,9010001073630,株式会社レダグループホールディングス,1
E00642,38610,5010001034743,王子ホールディングス株式会社,1
E35816,,1010001176548,日本成長投資アライアンス株式会社,1
E04324,90650,7290801005328,山九株式会社,1
E02819,,1180001035811,興和株式会社,1
E02596,,1120001077413,小泉産業株式会社,1
E34716,70570,6200001017075,株式会社エヌ・シー・エヌ,1
E02147,72420,8010401007296,ＫＹＢ株式会社,1
E27839,,,アボット・ラボラトリーズ,1
E33381,92600,7140001009895,西本Ｗｉｓｍｅｔｔａｃホールディングス株式会社,1
E34736,,9010401144808,アクサ・ホールディングス・ジャパン株式会社,1
E02248,72080,8140001034728,株式会社カネミツ,1
E04648,,8230001000811,呉羽観光株式会社,1
E33658,,9010401130452,マネックスファイナンス株式会社,1
E00345,20010,9011001017684,株式会社ニップン,1
E38256,,3010901034654,株式会社テクノロジーズ,1
E05728,45710,5040001067344,ナノキャリア株式会社,1
E37560,92210,3180001022733,フルハシＥＰＯ株式会社,1
E35124,44480,9120901014004,Ｃｈａｔｗｏｒｋ株式会社,1
E02081,67230,8020001075701,ルネサスエレクトロニクス株式会社,1
E03724,85080,2010401094729,Ｊトラスト株式会社,1
E36365,,9120001187428,２３．７株式会社,1
E38294,,,真鍋　英,1
E03336,76400,1110001003592,株式会社トップカルチャー,1
E36627,77910,7240001007740,ドリームベッド株式会社,1
E11001,,,米今　政臣,1
E23245,31560,7010701022780,株式会社レスターホールディングス,1
E27350,,6010401064050,ＳＯＮ　Ｆｉｎａｎｃｉａｌ合同会社,1
E31991,39280,7010001100444,株式会社マイネット,1
E34023,,4010401059044,株式会社リヴァンプ,1
E04775,85850,9010001070784,株式会社オリエントコーポレーション,1
E32214,,1480001008539,ＴＫマネジメント株式会社,1
E04635,,7140001036816,株式会社花屋敷ゴルフ倶楽部,1
E00965,,7120001082721,千寿製薬株式会社,1
E27938,,,山根　知子,1
E01191,,9360001009277,琉球セメント株式会社,1
E36115,,,黒田　真澄,1
E04768,85840,2440001001001,株式会社ジャックス,1
E07846,,1010401029669,森ビル株式会社,1
E36859,42640,5011101040334,株式会社セキュア,1
E33924,,1010001144777,インテグラル・パートナーズ株式会社,1
E10206,,,畑　慎也,1
E23201,,,ステート・ストリート・グローバル・アドバイザーズ・シンガポール・リミテッド,1
E04186,,5330001001133,九州産業交通ホールディングス株式会社,1
E03007,30890,2010701006251,テクノアルファ株式会社,1
E36003,,,濵田　幸一,1
E01718,64280,5021001020996,株式会社オーイズミ,1
E02635,81580,9010001048574,ソーダニッカ株式会社,1
E00055,18020,7010401088742,株式会社大林組,1
E00144,,6300001000905,松尾建設株式会社,1
E04387,,6290001006862,九州朝日放送株式会社,1
E00253,,8120001077539,株式会社藤木工務店,1
E04637,,9130001038522,日本観光ゴルフ株式会社,1
E04946,85660,7010601037788,リコーリース株式会社,1
E04137,,5310001009649,島原鉄道株式会社,1
E08480,,2010005004002,農林中央金庫,1
E04122,,1500001000476,株式会社伊予鉄グループ,1
E03362,,6010801001974,オーケー株式会社,1
E10369,,,辻本　治,1
E35584,,,辻本　晃利,1
E04170,,8150001001652,奈良交通株式会社,1
E01053,78560,7260001014438,萩原工業株式会社,1
E02136,71050,3130001030352,三菱ロジスネクスト株式会社,1
E32846,,,齋藤　静枝,1
E32814,39740,8060001014432,株式会社ティビィシィ・スキヤツト,1
E35873,,7010001099586,株式会社ヴァレックス・パートナーズ,1
E33594,62350,1030001056764,株式会社オプトラン,1
E03496,30680,8010401022997,株式会社ＷＤＩ,1
E37568,,2010001217516,ＵＢＥ三菱セメント株式会社,1
E02624,,1010001031109,山崎金属産業株式会社,1
E25269,45790,3180001095399,ラクオリア創薬株式会社,1
E35240,,2011001094268,ＮＨＮ　ＪＡＰＡＮ株式会社,1
E00670,79840,6120001012282,コクヨ株式会社,1
E05961,,,オーストラリア・ニュージーランド銀行,1
E08469,,,巽一久,1
E30565,,,藤阪　知之,1
E23350,,,田崎　忠良,1
E32727,,,稲垣　裕介,1
E03276,75230,7010701024331,アールビバン株式会社,1
E37165,25850,7120901008940,株式会社ライフドリンク　カンパニー,1
E04372,,2120001112350,阪神高速道路株式会社,1
E04551,,7330001001610,株式会社熊本ホテルキャッスル,1
E34574,,,ノルデア１・シキャブ,1
E02551,,4010001071416,東工コーセン株式会社,1
E04631,,2050001007260,株式会社　水戸カンツリー倶楽部,1
E24846,,,マルヨシセンター取引先持株会　理事長　小松義彦,1
E04352,,2010801014658,東京湾横断道路株式会社,1
E04633,,7040001071336,株式会社千葉カントリー倶楽部,1
E21219,,6320001005316,株式会社フォレストホールディングス,1
E38348,,1010401162123,株式会社ＯＭＵ,1
E27838,,,アッヴィ・インク,1
E04367,,9040001044645,成田国際空港株式会社,1
E03838,,4010001054874,東日本建設業保証株式会社,1
E00982,,8010401049314,株式会社ＬＴＴバイオファーマ,1
E04729,,6180001052538,株式会社小原カントリークラブ,1
E04666,,5240001029522,福山観光開発株式会社,1
E05727,21700,5010001068254,株式会社リンクアンドモチベーション,1
E05456,24400,1010001034565,株式会社ぐるなび,1
E36804,,1010001088396,スターリング証券株式会社,1
E36969,71350,4180001149377,ジャパンクラフトホールディングス株式会社,1
E04604,,5180001028605,名古屋競馬株式会社,1
E14380,,1010405005732,大和証券リビング投資法人,1
E02213,72110,7010401029044,三菱自動車工業株式会社,1
E27394,36740,7011001053434,株式会社オークファン,1
E34576,,,Ｇｌｏｂａｌ　Ａｌｐｈａ　Ｃａｐｉｔａｌ　Ｍａｎａｇｅｍｅｎｔ　Ｌｔｄ．,1
E31819,,,福田　幸雄,1
E09852,,,遠藤　結蔵,1
E33637,,6010001187433,日本郵政キャピタル株式会社,1
E05487,37710,8180001030616,株式会社システムリサーチ,1
E04679,,2340001011695,株式会社　出水ゴルフクラブ,1
E03841,,6430001021830,北海道建設業信用保証株式会社,1
E03052,81730,9120001038564,上新電機株式会社,1
E04118,,4180301006600,豊橋鉄道株式会社,1
E22060,,6020001068748,株式会社アップワード,1
E38028,,,加藤　貞顕,1
E07321,,6260001007657,株式会社マスプ,1
E04629,,8190001012159,株式会社六石ゴルフ倶楽部,1
E04683,,3200001024041,株式会社明智ゴルフ倶楽部,1
E01566,,1030001060114,旭産業株式会社,1
E35792,,,イメージ・フレイム・インベストメント（香港）リミテッド,1
E32825,39690,9011001051741,株式会社エイトレッド,1
E02565,,4010401028552,三国商事株式会社,1
E38152,,,山本　徹,1
E30620,,9010405012556,インベスコ・オフィス・ジェイリート投資法人,1
E00698,,1140001012021,株式会社神戸新聞社,1
E02814,,8010001062097,日本酒類販売株式会社,1
E05973,,,クアルコム・インコーポレーテッド,1
E02586,,1010401029826,株式会社ヤナセ,1
E04657,,3080401010323,遠州開発株式会社,1
E25692,,,クレディ・スイス・ファンド・マネジメント・エスエー,1
E04644,,5260001022401,内海観光開発株式会社,1
E06125,,3120005007273,日本生命保険相互会社,1
E01337,58070,8010401084377,東京特殊電線株式会社,1
E04560,97220,6010001100247,藤田観光株式会社,1
E05080,47550,9010701020592,楽天グループ株式会社,1
E06249,,7010001075892,伊藤忠丸紅鉄鋼株式会社,1
E37929,,,モノフル・ピーティーイー・リミテッド,1
E36485,,,南　壮一郎,1
E32448,,5120001074101,野村貿易株式会社,1
E37791,,9200001032823,株式会社サンワ,1
E38238,,,株式会社リープラジャパン,1
E05786,,,セバン・トレント・ピーエルシー,1
E05951,93990,,ビート・ホールディングス・リミテッド　（貝德控股有限公司、Ｂｅａｔ　Ｈｏｌｄｉｎｇｓ　Ｌｉｍｉｔｅｄ）,1
E08372,,,志太勤一,1
E37462,,,豊住　満,1
E35398,,7010401146839,ＳＵＧアセット株式会社,1
E38365,,,豊住　清,1
E38252,,,増井　慎二郎,1
E35360,,3010001208844,中央日本土地建物グループ株式会社,1
E04362,,7180001093548,中部国際空港株式会社,1
E04164,,4320001000062,大分交通株式会社,1
E01606,,5120101000824,旭精工株式会社,1
E02562,,7010001012862,新生紙パルプ商事株式会社,1
E04630,,6030001089545,株式会社飯能ゴルフ倶楽部,1
E04124,,9280001000070,一畑電気鉄道株式会社,1
E03711,,4010001017484,財形住宅金融株式会社,1
E04646,,2240001031778,株式会社松永カントリークラブ,1
E03964,,7370001011069,株式会社宮城県建設会館,1
E04397,,1420001000261,青森放送株式会社,1
E02613,,7010001050391,千代田工販株式会社,1
E05904,,,トヨタ　モーター　クレジット　コーポレーション,1
E03837,,2120001046185,西日本建設業保証株式会社,1
E03732,,2080101012975,株式会社エム・オー・エー基金,1
E03738,,4010001090655,全宅住宅ローン株式会社,1
E00252,,5011001015568,東邦電気工業株式会社,1
E04157,,2390001002260,株式会社　ヤマコー,1
E04723,,7180301020061,株式会社セントクリークゴルフクラブ,1
E04522,,4500001011652,四国ガス株式会社,1
E04720,,7150001006413,株式会社オークモントゴルフクラブ,1
E00831,,3050001010255,プラス・テク株式会社,1
E04607,,5020001016930,花月園観光株式会社,1
E04719,,9290001053646,株式会社福岡サンレイクゴルフ倶楽部,1
E04722,,7200001020771,多治見クラシック株式会社,1
E06110,,,インド輸出入銀行,1
E04748,,9090001008587,株式会社メイプルポイントゴルフクラブ,1
E04384,,2100001001266,信越放送株式会社,1
E04715,,7180301003545,岡崎クラシック株式会社,1
E24056,,,小田　博英,1
E04735,,3190001017311,株式会社グレイスヒルズカントリー倶楽部,1
E34585,,,ハンサード・インターナショナル・リミテッド,1
E04752,,2140001076627,小野観光開発株式会社,1
E25811,,4140001036843,株式会社関西ゴルフ倶楽部,1
E04650,,4290801001511,株式会社小倉カンツリー倶楽部,1
E32673,39660,7010401075212,株式会社ユーザベース,1
E20810,,4150001015136,株式会社秋津原,1
E37814,77950,5010902023530,株式会社ＫＹＯＲＩＴＳＵ,1
E38277,,,本城　嘉太郎,1
E04146,,6120001062550,関西高速鉄道株式会社,1
E04351,,9120101039586,関西国際空港土地保有株式会社,1
E04343,,8010001140943,日本自動車ターミナル株式会社,1
E04639,,9370801000995,株式会社　仙台カントリークラブ,1
E04393,,6250001009332,山口放送株式会社,1
E33912,,8010001189543,日本生命第１回劣後ローン流動化株式会社,1
E34308,,4010001193813,日本生命第２回劣後ローン流動化株式会社,1
E34852,,8010001198998,日本生命第３回劣後ローン流動化株式会社,1
E36127,,2140005005276,公益財団法人中山視覚福祉財団,1
E35282,,8010001204590,日本生命第４回劣後ローン流動化株式会社,1
E35980,,9010001211487,日本生命第５回劣後ローン流動化株式会社,1
E36583,,7010001216645,日本生命第６回劣後ローン流動化株式会社,1
E37958,,8010001228516,日本生命第８回劣後ローン流動化株式会社,1
E35050,,6010001201846,日本生命２０１９基金流動化株式会社,1
E36827,,2010001219000,日本生命２０２１基金流動化株式会社,1
E02536,,2010001033269,日販グループホールディングス株式会社,1
E20989,,,トヨタ　モーター　ファイナンス　（ネザーランズ）　ビーブイ,1
E02598,,9110001003791,株式会社　新潟ケンベイ,1
E36621,73690,6200001033709,株式会社メイホーホールディングス,1
E38183,,,髙畠　裕二,1
E38182,,,佐藤　海,1
E38301,,,福島　範幸,1
E35460,,,ディーシーエム・インターナショナル・シックス・リミテッド,1
E38285,,,牧田　伸一,1
E05975,,,アイシーアイシーアイ・バンク・リミテッド,1
E01078,,5360001009256,株式会社　りゅうせき,1
E37390,,,工藤　勉,1
E04636,,1050001028241,株式会社　筑波ゴルフコース,1
E31245,,,ＷｉＬ　Ｆｕｎｄ　Ｉ　Ｌ．Ｐ．,1
E00598,,4200001010379,岐セン株式会社,1
E04135,,8050001009061,関東鉄道株式会社,1
E02244,,9070001016708,株式会社山田製作所,1
E30394,,,中村　文隆,1
E23671,,,アクセンチュア・パブリック・リミテッド・カンパニー,1
E38209,,2010001185399,株式会社伊藤ホールディングス,1
E38293,,2020001149130,ＮＣＸ株式会社,1
E35395,,,三木　綠,1
E04884,96470,2011001006553,株式会社協和コンサルタンツ,1
E21278,,4013202007799,株式会社幸栄企画,1
E31817,61770,4021001047248,ＡｐｐＢａｎｋ株式会社,1
E02371,79720,9120001014301,株式会社イトーキ,1
E34774,,4010901041071,株式会社ＡＲＳ,1
E00614,36040,9120001077174,川本産業株式会社,1
E34772,,,安藤　広大,1
E05547,94220,1011001044166,コネクシオ株式会社,1
E36061,,,十見　裕,1
E21414,,,ワールド・ゴールド・トラスト・サービシズ・エルエルシー,1
E36019,,,小倉　博文,1
E35004,78030,8011201012032,株式会社ブシロード,1
E01832,,4010001141276,株式会社リゾート＆メディカル,1
E36215,,4010401140638,きらぼしキャピタル株式会社,1
E00377,22150,8012701009955,第一屋製パン株式会社,1
E20385,36270,6010001087526,ＪＮＳホールディングス株式会社,1
E38147,,,金田辰男,1
E04113,,8080001002864,静岡鉄道株式会社,1
E34983,,4010001193342,普済堂株式会社,1
E02537,,4010001006124,株式会社日教販,1
E04168,,7270001000651,日ノ丸自動車株式会社,1
E04742,,8230001008978,ゴールドウイン開発株式会社,1
E03928,,6080401001666,ＫＯＮＯＩＫＥ　Ｃｏ．株式会社,1
E04127,,2210001011931,福井鉄道株式会社,1
E01099,,3030001058882,株式会社東洋クオリティワン,1
E34148,70340,3010401075612,株式会社プロレド・パートナーズ,1
E04526,,5350001001692,宮崎瓦斯株式会社,1
E04667,,6500001002831,道後観光ゴルフ株式会社,1
E15194,,,リンク・アセット・マネジメント・リミテッド,1
E04386,,5220001006440,北陸放送株式会社,1
E04564,,8010001013240,株式会社　ニュー・オータニ,1
E01460,,3230001006466,佐藤鉄工株式会社,1
E04196,,3230001001632,立山黒部貫光株式会社,1
E00098,19260,7010001008811,ライト工業株式会社,1
E38302,,3020001120643,フェムトパートナーズ株式会社,1
E00045,,6080101013425,大室温泉株式会社,1
E04547,,2010401027614,株式会社ホテルオークラ,1
E02169,,2011401004553,トーハツ株式会社,1
E04381,,5410001000498,株式会社秋田放送,1
E04119,,7240001009191,広島観光開発株式会社,1
E04684,,8050001008220,株式会社笠間ゴルフクラブ,1
E38283,,,秋山　広宣,1
E04116,,1430001007925,株式会社じょうてつ,1
E33052,,9260001010245,桃太郎源株式会社,1
E02674,,8010001065216,日本アルコール販売株式会社,1
E35959,40120,6010401035266,株式会社アクシス,1
E36251,,,岩井　裕之,1
E03969,46810,5180001041871,リゾートトラスト株式会社,1
E04524,,4340001003385,日本瓦斯株式会社,1
E00452,28050,6010001034750,ヱスビー食品株式会社,1
E30496,,,山崎　由真子,1
E04741,,5140001066245,有馬冨士開発株式会社,1
E38231,,,中山　貴之,1
E38236,,,国本　貴志,1
E00838,42200,9010001034970,リケンテクノス株式会社,1
E04128,,5230001002133,富山地方鉄道株式会社,1
E13205,,2010005005479,ジャパンリアルエステイト投資法人,1
E36161,,,近藤　繁,1
E03474,30320,8030001002794,株式会社ゴルフ・ドゥ,1
E05362,,7011101032123,株式会社ベリサーブ,1
E38160,,9010401129230,株式会社ＡＩＲ－Ｕ,1
E37454,,4180001108606,株式会社名南経営ホールディングス,1
E38262,,,田中　康之助,1
E03428,27980,6010401054605,株式会社ワイズテーブルコーポレーション,1
E00135,,7010401013114,新生テクノス株式会社,1
E22760,,,ＨＳＢＣグローバル・インベストメント・ファンド,1
E14979,,,タワー・アセット・マネジメント・リミテッド,1
E04395,,3230001000758,北日本放送株式会社,1
E04142,,5220001016828,のと鉄道株式会社,1
E03802,,7010001058567,みらい證券株式会社,1
E38337,,9010003038342,合同会社ルビィ,1
E14915,,,スパークス・オーバーシーズ・リミテッド,1
E01918,,9021001001704,日電工業株式会社,1
E04850,96960,9120001076820,株式会社ウィザス,1
E02290,,7140001035636,大和製衡株式会社,1
E04286,93040,6010601038102,澁澤倉庫株式会社,1
E04165,,7340001003192,南国交通株式会社,1
E04385,,9400001000033,株式会社アイビーシー岩手放送,1
E02597,,2010801007777,東京青果株式会社,1
E00552,32010,2140001012193,日本毛織株式会社,1
E04655,,9340001003199,南国産業開発株式会社,1
E04355,,7010001026202,株式会社農協観光,1
E04739,,1200001022906,株式会社　明世カントリークラブ,1
E02604,,1122001014313,株式会社ライオン事務器,1
E04377,,2370001002452,東北放送株式会社,1
E01332,58010,5010001008796,古河電気工業株式会社,1
E38258,,3020001109620,株式会社ザ・ファーストドア,1
E26361,,,堀川　一晃,1
E04190,,5080101013310,東海自動車株式会社,1
E38306,,,阿曽　敏正,1
E00701,,9400001000207,株式会社岩手日報社,1
E37624,,5010401110136,株式会社ＫＪＣインター,1
E38207,,,平瀬　智樹,1
E36911,,,松藤　展和,1
E37416,,,金井　正義,1
E04661,,6350001006212,美々津観光開発株式会社,1
E04129,,5080401000702,遠州鉄道株式会社,1
E26656,,,ＮＬＨＤ株式会社,1
E36486,,4010001216152,株式会社イグニス,1
E37262,,,伊藤　豊,1
E30831,,,銭　コン,1
E38341,,,久世　良太,1
E37197,92590,3040001004316,株式会社タカヨシ,1
E02214,72870,3110001023135,日本精機株式会社,1
E32227,,3080401001355,株式会社川嶋,1
E36173,73590,6011001105525,株式会社東京通信,1
E32446,,9010401098475,Ｂ　Ｄａｓｈ　Ｖｅｎｔｕｒｅｓ株式会社,1
E03363,26780,5010601030357,アスクル株式会社,1
E34759,,2120001023845,伸和工業株式会社,1
E23973,,6010001090224,リーディング証券株式会社,1
E35015,,,佐藤　厚,1
E38370,,,ＷＩＳＥＬＹ　ＨＡＲＶＥＳＴ　ＬＩＭＩＴＥＤ,1
E01569,63660,3020001018029,千代田化工建設株式会社,1
E26035,,,古川　美智子,1
E00738,,3010001033086,株式会社日本経済新聞社,1
E38116,,,夏原　美智子,1
E00844,,2030001075813,太平化学製品株式会社,1
E04181,,2500001011778,瀬戸内運輸株式会社,1
E04112,,1110001022221,越後交通株式会社,1
E04115,,8250001005486,サンデン交通株式会社,1
E03071,81300,3180001025521,株式会社サンゲツ,1
E04099,,7100001002441,長野電鉄株式会社,1
E36006,,5010901044494,株式会社ｓｕｓｔｅｎキャピタル・マネジメント,1
E25115,,6180001096287,株式会社新南愛知,1
E07857,,,清原　雅人,1
E38322,,9010401137448,ＭＴインベストメント株式会社,1
E38368,,2010401137446,ｙｏｓｈｉｄａ　ｉｎｖｅｓｔｍｅｎｔ株式会社,1
E00959,,4230001000864,株式会社　廣貫堂,1
E04141,,3380001017143,会津鉄道株式会社,1
E04396,,5260001002700,ＲＳＫホールディングス株式会社,1
E05959,,,インフォシス・リミテッド,1
E03863,97060,7010801014496,日本空港ビルデング株式会社,1
E26632,,,藪　考樹,1
E38203,,,岩本　秀成,1
E04130,,1220001006411,北陸鉄道株式会社,1
E06036,,,クイーンズランド州財務公社,1
E06134,,5120005007271,住友生命保険相互会社,1
E38349,,,蜂屋　浩一,1
E00697,,8290001009392,株式会社西日本新聞社,1
E35901,,,株式会社カカオ,1
E38210,,,株式会社カカオインベストメント,1
E36318,,,泉　信彦,1
E04613,,4050001014387,株式会社　大利根カントリー倶楽部,1
E03932,,7340001000867,株式会社鹿児島県プロパンガス会館,1
